Delete from [USER]
delete from TRACK
delete from playlist
delete from PLAYLIST_SAVED_BY
delete from TRACK_ON_PLAYLIST

Insert Into [USER] (username, firstnameLastname, [password]) Values
('meron','Meron Brouwer',HashBytes('SHA2_256 ','MySuperSecretPassword12341')),
('mart','Mart Kaal',HashBytes('SHA2_256 ','password')),
('stijn','Stijn Arts',HashBytes('SHA2_256 ','password')),
('manon','Manon Pas',HashBytes('SHA2_256 ','password'))

Insert Into Playlist Values
(1,'2-step garage','meron'),
(2,'4-beat','meron'),
(3,'Acid breaks','stijn'),
(4,'Acid house','stijn'),
(5,'Acid jazz','mart'),
(6,'Acid jazz','stijn'),
(7,'Acid punk','meron'),
(8,'Acid rock','stijn'),
(9,'Acid techno','meron'),
(10,'Acid trance','meron'),
(11,'Acousmatic music','manon'),
(12,'Adult album alternative','mart'),
(13,'Adult contemporary','manon'),
(14,'African blues','stijn'),
(15,'African electronic dance music','stijn'),
(16,'African heavy metal','meron'),
(17,'African hip hop','manon'),
(18,'African popular music','meron'),
(19,'Afro pop','mart'),
(20,'Afro rock','stijn'),
(21,'Afro trap','manon'),
(22,'Afro/cosmic music','mart'),
(23,'Afrobeat','manon'),
(24,'Afrobeats','meron'),
(25,'Afrobeats','manon'),
(26,'Afro-Cuban jazz','mart'),
(27,'Afro-Cuban jazz','manon'),
(28,'Afro-punk','mart'),
(29,'Afroswing','stijn'),
(30,'Aggrotech','manon'),
(31,'Alegrías','mart'),
(32,'Alternative country','meron'),
(33,'Alternative dance','stijn'),
(34,'Alternative dance','meron'),
(35,'Alternative hip hop','stijn'),
(36,'Alternative hip hop','mart'),
(37,'Alternative metal','meron'),
(38,'Alternative R&B','mart'),
(39,'Alternative rock','meron'),
(40,'Alt-jazz','meron'),
(41,'Amapiano','meron'),
(42,'Amapiano','meron'),
(43,'Ambient','stijn'),
(44,'Ambient dub','meron'),
(45,'Ambient house','stijn'),
(46,'Ambient industrial','manon'),
(47,'Ambient pop','stijn'),
(48,'Ambient techno','mart'),
(49,'American folk revival','manon'),
(50,'American rock','meron'),
(51,'Americana','manon'),
(52,'Americana','manon'),
(53,'Anarcho punk','mart'),
(54,'Anatolian rock','manon'),
(55,'Andean new-age','stijn'),
(56,'Anti-folk','stijn'),
(57,'Apala','meron'),
(58,'Arabesque','meron'),
(59,'Arabic music','mart'),
(60,'Arabic pop','mart'),
(61,'Arabic pop music','mart'),
(62,'Arabic rock','meron'),
(63,'Arena rock','stijn'),
(64,'Art pop','stijn'),
(65,'Art punk','manon'),
(66,'Art rock','stijn'),
(67,'Art rock','manon'),
(68,'Asian underground','meron'),
(69,'Asian Underground','mart'),
(70,'Atmospheric black metal','mart'),
(71,'Atmospheric drum and bass','manon'),
(72,'Australian country','manon'),
(73,'Austropop','manon'),
(74,'Avant punk','mart'),
(75,'Avant-garde jazz','meron'),
(76,'Avant-garde metal','meron'),
(77,'Avant-prog','stijn'),
(78,'Axé','meron'),
(79,'Azonto','meron'),
(80,'Bachata','stijn'),
(81,'Background music','stijn'),
(82,'Baggy','mart'),
(83,'Baggy','mart'),
(84,'Baila','stijn'),
(85,'Baithak Gana','stijn'),
(86,'Bakersfield sound','manon'),
(87,'Balearic beat','meron'),
(88,'Balearic trance','mart'),
(89,'Balkan brass','stijn'),
(90,'Ballroom','manon'),
(91,'Baltimore club','meron'),
(92,'Banda','manon'),
(93,'Barococo','meron'),
(94,'Baroque pop','manon'),
(95,'Bass house','meron'),
(96,'Bass music','meron'),
(97,'Bassline','stijn'),
(98,'Baul','mart'),
(99,'Beat','manon'),
(100,'Beatboxing','manon'),
(101,'Beautiful music','stijn'),
(102,'Bebop','stijn'),
(103,'Bedroom pop','manon'),
(104,'Benga','stijn'),
(105,'Bhangra','stijn'),
(106,'Bhawaiya','manon'),
(107,'Big beat','stijn'),
(108,'Big room house','stijn'),
(109,'Bikutsi','mart'),
(110,'Birmingham sound','meron'),
(111,'Bitpop','manon'),
(112,'Black metal','mart'),
(113,'Blackened death metal','mart'),
(114,'Blackgaze','mart'),
(115,'Blackgaze','manon'),
(116,'Bleep techno','meron'),
(117,'Blog house','mart'),
(118,'Blue-eyed soul','stijn'),
(119,'Bluegrass','stijn'),
(120,'Blues rock','stijn'),
(121,'Blues rock','mart'),
(122,'Blues shouter','meron'),
(123,'Bolero','meron'),
(124,'Bongo flava','meron'),
(125,'Boogaloo','mart'),
(126,'Boogie','manon'),
(127,'Boogie','manon'),
(128,'Boogie rock','mart'),
(129,'Boogie-woogie','mart'),
(130,'Boom bap','meron'),
(131,'Boomba','manon'),
(132,'Bossa nova','stijn'),
(133,'Bossa nova','mart'),
(134,'Bounce','stijn'),
(135,'Bouncy techno','manon'),
(136,'Bouyon','meron'),
(137,'Brazilian bass','stijn'),
(138,'Brazilian Jazz','stijn'),
(139,'Brazilian rock','meron'),
(140,'Brazilian rock','manon'),
(141,'Breakbeat','manon'),
(142,'Breakbeat hardcore','mart'),
(143,'Breakcore','mart'),
(144,'Breakstep','manon'),
(145,'Brega','meron'),
(146,'Brill building','manon'),
(147,'British blues','stijn'),
(148,'British dance band','meron'),
(149,'British folk revival','mart'),
(150,'British folk rock','manon'),
(151,'British hip hop','stijn'),
(152,'British Invasion','meron'),
(153,'British rhythm and blues','mart'),
(154,'British rock music','meron'),
(155,'Britpop','manon'),
(156,'Britpop','manon'),
(157,'Broken beat','meron'),
(158,'Brooklyn drill','meron'),
(159,'Brostep','meron'),
(160,'Brown-eyed soul','stijn'),
(161,'Bubblegum pop','mart'),
(162,'Bubu music','meron'),
(163,'Buddhist music','meron'),
(164,'Budots','manon'),
(165,'Bulerías','mart'),
(166,'Bullerengue','mart'),
(167,'Cadence-lypso','stijn'),
(168,'Cajun','stijn'),
(169,'Cajun fiddle','manon'),
(170,'Cakewalk','mart'),
(171,'Calypso','stijn'),
(172,'Canadian blues','meron'),
(173,'Canción','meron'),
(174,'Canterbury scene','stijn'),
(175,'Cantes de ida y vuelta','manon'),
(176,'Cantopop','stijn'),
(177,'Cantopop','mart'),
(178,'Canzone','manon'),
(179,'Cape jazz','meron'),
(180,'Cape jazz','meron'),
(181,'Carnatic','meron'),
(182,'Celtic metal','manon'),
(183,'Celtic music','manon'),
(184,'Celtic punk','mart'),
(185,'Celtic rock','meron'),
(186,'Celtic rock','mart'),
(187,'Chaabi','mart'),
(188,'Cha-cha-chá','mart'),
(189,'Chalga','meron'),
(190,'Chalga','meron'),
(191,'Chalga','stijn'),
(192,'Chamber jazz','mart'),
(193,'Chamber pop','manon'),
(194,'Chamber pop','stijn'),
(195,'Changa tuki','mart'),
(196,'Chanson','mart'),
(197,'Chaoui music','manon'),
(198,'Chap hop','manon'),
(199,'Chicago blues','manon'),
(200,'Chicago hard house','mart'),
(201,'Chicago house','stijn'),
(202,'Chicano rap','stijn'),
(203,'Chicano rock','mart'),
(204,'Chicha','mart'),
(205,'Chill-out','mart'),
(206,'Chill-out','stijn'),
(207,'Chillwave','manon'),
(208,'Chimurenga','mart'),
(209,'Chinese folk music','stijn'),
(210,'Chinese hip hop','mart'),
(211,'Chinese rock','mart'),
(212,'Chinese rock','meron'),
(213,'Chiptune','manon'),
(214,'Chopped and screwed','mart'),
(215,'Chopped and screwed','manon'),
(216,'Chopper','mart'),
(217,'Choro','stijn'),
(218,'Christian country','mart'),
(219,'Christian hip hop','stijn'),
(220,'Christian metal','stijn'),
(221,'Christian music','mart'),
(222,'Christian pop','stijn'),
(223,'Christian punk','stijn'),
(224,'Christian rock','meron'),
(225,'Church music','manon'),
(226,'Chutney','manon'),
(227,'Chutney parang','meron'),
(228,'Chutney soca','manon'),
(229,'Cinematic soul','mart'),
(230,'City pop','stijn'),
(231,'City pop','stijn'),
(232,'Classic female blues','manon'),
(233,'Classic hits','stijn'),
(234,'Classic rag','mart'),
(235,'Classic rock','stijn'),
(236,'Classical crossover','manon'),
(237,'Close harmony','stijn'),
(238,'Cloud rap','manon'),
(239,'Cloud rap','manon'),
(240,'Cold wave','manon'),
(241,'Cold wave','manon'),
(242,'Comedy hip hop','stijn'),
(243,'Comedy rock','mart'),
(244,'Compas','mart'),
(245,'Complextro','mart'),
(246,'Congolese rumba','stijn'),
(247,'Conscious hip hop','manon'),
(248,'Contemporary R&B','manon'),
(249,'Contemporary R&B','mart'),
(250,'Continental jazz','manon'),
(251,'Cool jazz','mart'),
(252,'Corrido','mart'),
(253,'Country blues','mart'),
(254,'Country blues','mart'),
(255,'Country pop','stijn'),
(256,'Country pop','meron'),
(257,'Country rap','mart'),
(258,'Country rap','meron'),
(259,'Country rock','stijn'),
(260,'Country rock','mart'),
(261,'Coupé-décalé','mart'),
(262,'Coupé-Décalé','manon'),
(263,'Cowboy pop','mart'),
(264,'Cowpunk','manon'),
(265,'Cowpunk','stijn'),
(266,'C-pop','stijn'),
(267,'C-pop','meron'),
(268,'Cringe pop','mart'),
(269,'Criolla','meron'),
(270,'Crossover jazz','manon'),
(271,'Crossover music','manon'),
(272,'Crossover thrash','stijn'),
(273,'Crossover thrash','mart'),
(274,'Crunk','stijn'),
(275,'Crunk','meron'),
(276,'Crunkcore','manon'),
(277,'Crunkcore','meron'),
(278,'Crust punk','meron'),
(279,'Crustgrind','manon'),
(280,'Cumbia','stijn'),
(281,'Cyber metal','mart'),
(282,'Cyberpunk','mart'),
(283,'Dancehall','mart'),
(284,'Dancehall pop','stijn'),
(285,'Dance-pop','mart'),
(286,'Dance-pop','manon'),
(287,'Dance-punk','stijn'),
(288,'Dance-punk','stijn'),
(289,'Dance-punk','mart'),
(290,'Dance-rock','meron'),
(291,'Dance-rock','manon'),
(292,'Dangdut','mart'),
(293,'Danger music','manon'),
(294,'Danger music','stijn'),
(295,'Dansband','mart'),
(296,'Dark ambient','mart'),
(297,'Dark cabaret','stijn'),
(298,'Dark electro','stijn'),
(299,'Dark Trap','mart'),
(300,'Dark wave','meron'),
(301,'Dark wave','mart'),
(302,'Darkcore','manon'),
(303,'Darkstep','mart'),
(304,'Darksynth','mart'),
(305,'D-beat','manon'),
(306,'Death industrial','manon'),
(307,'Death metal','stijn'),
(308,'Death n roll','meron'),
(310,'Deathcore','manon'),
(311,'Death-doom','stijn'),
(312,'Deathgrind','meron'),
(313,'Deathpunk','manon'),
(314,'Deathrock','stijn'),
(315,'Deathrock','meron'),
(316,'Deconstructed club','stijn'),
(317,'Deep funk','stijn'),
(318,'Deep house','mart'),
(319,'Delta blues','meron'),
(320,'Desert rock','stijn'),
(321,'Detroit blues','manon'),
(322,'Detroit techno','meron'),
(323,'Digital hardcore','mart'),
(324,'Digital hardcore','stijn'),
(325,'Dirty rap','meron'),
(326,'Disco','mart'),
(327,'Disco','manon'),
(328,'Disco house','mart'),
(329,'Disco polo','mart'),
(330,'Disco polo','mart'),
(331,'Diva house','meron'),
(332,'Dixieland','mart'),
(333,'Djent','manon'),
(334,'Dohori','stijn'),
(335,'Doom metal','meron'),
(336,'Doo-wop','stijn'),
(337,'Doo-wop','manon'),
(338,'Downtempo','meron'),
(339,'Dream pop','manon'),
(340,'Dream trance','meron'),
(341,'Dreampunk','stijn'),
(342,'Dreampunk','manon'),
(343,'Drift Phonk','mart'),
(344,'Drill','manon'),
(345,'Drill','mart'),
(346,'Drill n bass','mart'),
(347,'Drone','meron'),
(348,'Drone metal','meron'),
(349,'Drone music','manon'),
(350,'Drum and bass','stijn'),
(351,'Drumfunk','stijn'),
(352,'Drumstep','mart'),
(353,'Dub','meron'),
(354,'Dub','mart'),
(355,'Dub poetry','meron'),
(356,'Dub techno','mart'),
(357,'Dubstep','stijn'),
(358,'Dubstyle','mart'),
(359,'Dubtronica','meron'),
(360,'Dunedin sound','stijn'),
(361,'Dungeon synth','stijn'),
(362,'Dutch house','meron'),
(363,'Early hardcore','mart'),
(364,'East Coast hip hop','meron'),
(365,'Easycore','mart'),
(366,'Electric blues','stijn'),
(367,'Electro','meron'),
(368,'Electro house','mart'),
(369,'Electro swing','manon'),
(370,'Electroacoustic','meron'),
(371,'Electroacoustic improvisation','mart'),
(372,'Electroacoustic music','mart'),
(373,'Electroclash','manon'),
(374,'Electroclash','mart'),
(375,'Electro-disco','stijn'),
(376,'Electrogrind','manon'),
(377,'Electro-industrial','manon'),
(378,'Electronic body music (EBM)','stijn'),
(379,'Electronic rock','mart'),
(380,'Electronic rock','mart'),
(381,'Electronica','mart'),
(382,'Electronicore','manon'),
(383,'Electronicore','manon'),
(384,'Electropop','manon'),
(385,'Electropop','mart'),
(386,'Electropunk','meron'),
(387,'Elevator music (muzak)','meron'),
(388,'Emo','manon'),
(389,'Emo pop','stijn'),
(390,'Emo pop','mart'),
(391,'Emo rap','meron'),
(392,'Emo rap','mart'),
(393,'Enka','meron'),
(394,'Ethereal wave','mart'),
(395,'Ethereal wave','stijn'),
(396,'Ethnic electronica / regional EDM','mart'),
(397,'Ethno jazz','manon'),
(398,'Eurobeat','mart'),
(399,'Eurobeat','meron'),
(400,'Eurodance','meron'),
(401,'Eurodisco','meron'),
(402,'European free jazz','mart'),
(403,'Europop','meron'),
(404,'Eurotrance','meron'),
(405,'Experimental rock','stijn'),
(406,'Extratone','mart'),
(407,'Fado','stijn'),
(408,'Fado','manon'),
(409,'Fandangos','manon'),
(410,'Fann at-Tanbura','meron'),
(411,'Fidget house','stijn'),
(412,'Fijiri','meron'),
(413,'Filk','stijn'),
(414,'Filmi','meron'),
(415,'Flamenco','stijn'),
(416,'Flamenco rock','meron'),
(417,'Flashcore','meron'),
(418,'Florida breaks','meron'),
(419,'Folk metal','manon'),
(420,'Folk pop','manon'),
(421,'Folk punk','meron'),
(422,'Folk ragtime','meron'),
(423,'Folk rock','manon'),
(424,'Folk rock','manon'),
(425,'Folktronica','manon'),
(426,'Folktronica','mart'),
(427,'Footwork','meron'),
(428,'Forró','mart'),
(429,'Freak folk','mart'),
(430,'Freak scene','stijn'),
(431,'Freakbeat','mart'),
(432,'Free funk','meron'),
(433,'Free improvisation','mart'),
(434,'Free jazz','manon'),
(435,'Free tekno','mart'),
(436,'Freestyle','meron'),
(437,'Freestyle rap','meron'),
(438,'French house','stijn'),
(439,'French pop','stijn'),
(440,'Frenchcore','mart'),
(441,'Frevo','mart'),
(442,'Fuji music','meron'),
(443,'Funk','manon'),
(444,'Funk carioca','mart'),
(445,'Funk carioca','mart'),
(446,'Funk fusion genres','mart'),
(447,'Funk metal','manon'),
(448,'Funk ostentação','stijn'),
(449,'Funk rock','mart'),
(450,'Funkstep','meron'),
(451,'Funktronica','meron'),
(452,'Funky house','meron'),
(453,'Furniture music','stijn'),
(454,'Future bass','stijn'),
(455,'Future funk','mart'),
(456,'Future garage','stijn'),
(457,'Future house','manon'),
(458,'Futurepop','mart'),
(459,'Gabber','stijn'),
(460,'Gamelan','stijn'),
(461,'Gangsta rap','stijn'),
(462,'Garage house','manon'),
(463,'Garage punk','stijn'),
(464,'Garage rock','stijn'),
(465,'Geek rock','stijn'),
(466,'Genge','meron'),
(467,'German punk','mart'),
(468,'G-funk','stijn'),
(469,'Ghetto house','stijn'),
(470,'Ghettotech','manon'),
(471,'Glam metal','manon'),
(472,'Glam punk','stijn'),
(473,'Glam rock','meron'),
(474,'Glitch','stijn'),
(475,'Gnawa','stijn'),
(476,'Goa trance','meron'),
(477,'Go-go','stijn'),
(478,'Goregrind','meron'),
(479,'Gospel blues','meron'),
(480,'Gospel music','manon'),
(481,'Gothabilly','stijn'),
(482,'Gothic metal','manon'),
(483,'Gothic punk','meron'),
(484,'Gothic rock','manon'),
(485,'Gothic rock','meron'),
(486,'Gqom','mart'),
(487,'Gqom','stijn'),
(488,'Gregorian chant','mart'),
(489,'Grime','meron'),
(490,'Grindcore','mart'),
(491,'Grindie','stijn'),
(492,'Groove metal','manon'),
(493,'Grunge','mart'),
(494,'Grupera','manon'),
(495,'Guajira','manon'),
(496,'Gumbe','stijn'),
(497,'Gypsy jazz','stijn'),
(498,'Gypsy punk','manon'),
(499,'Happy hardcore','manon'),
(500,'Hard bop','mart'),
(501,'Hard NRG','manon'),
(502,'Hard rock','meron'),
(503,'Hard trance','stijn'),
(504,'Hardbag','manon'),
(505,'Hardbass','mart'),
(506,'Hardcore','stijn'),
(507,'Hardcore breaks','manon'),
(508,'Hardcore hip hop','mart'),
(509,'Hardcore punk','stijn'),
(510,'Hardstep','stijn'),
(511,'Hardstyle','manon'),
(512,'Hardtechno','meron'),
(513,'Hardvapour','manon'),
(514,'Hardwave','manon'),
(515,'Harsh noise','manon'),
(516,'Harsh noise wall','manon'),
(517,'Hauntology','mart'),
(518,'Heartland rock','stijn'),
(519,'Hellbilly','manon'),
(520,'Hellbilly','manon'),
(521,'Highlife','stijn'),
(522,'Hill country blues','mart'),
(523,'Hindustani classical','manon'),
(524,'Hi-NRG','stijn'),
(525,'Hip hop fusion genres','manon'),
(526,'Hip hop soul','manon'),
(527,'Hip hop soul','mart'),
(528,'Hip house','meron'),
(529,'Hiplife','meron'),
(530,'Hipster hop','mart'),
(531,'Hipster hop','manon'),
(532,'Hokkien pop','meron'),
(533,'Hokkien pop','stijn'),
(534,'Hokum','meron'),
(535,'Hokum blues','mart'),
(536,'Hong Kong English pop','stijn'),
(537,'Hong Kong hip hop','meron'),
(538,'Honky-tonk country','meron'),
(539,'Honky-tonk piano','meron'),
(540,'Horror punk','manon'),
(541,'Horrorcore','meron'),
(542,'House music','mart'),
(543,'Huayno','mart'),
(544,'Hymn','stijn'),
(545,'Hyperpop','mart'),
(546,'Hyperpop','meron'),
(547,'Hyphy','meron'),
(548,'Hypnagogic pop','mart'),
(549,'Igbo highlife','meron'),
(550,'Igbo rap','meron'),
(551,'Illbient','stijn'),
(552,'Indian classical','manon'),
(553,'Indian jazz','manon'),
(554,'Indian pop','meron'),
(555,'Indian pop','mart'),
(556,'Indian rock','mart'),
(557,'Indian rock','mart'),
(558,'Indie folk','mart'),
(559,'Indie pop','manon'),
(560,'Indie rock','mart'),
(561,'Indietronica','manon'),
(562,'Indo pop','stijn'),
(563,'Industrial / post-industrial','manon'),
(564,'Industrial folk','meron'),
(565,'Industrial hardcore','manon'),
(566,'Industrial hip hop','manon'),
(567,'Industrial hip hop','mart'),
(568,'Industrial metal','stijn'),
(569,'Industrial metal','mart'),
(570,'Industrial music','mart'),
(571,'Industrial rock','stijn'),
(572,'Industrial rock','mart'),
(573,'Industrial techno','stijn'),
(574,'Instrumental','stijn'),
(575,'Instrumental country','stijn'),
(576,'Instrumental hip hop','mart'),
(577,'Instrumental hip hop','stijn'),
(578,'Instrumental rock','meron'),
(579,'Intelligent dance music (IDM)','meron'),
(580,'Intelligent drum and bass','mart'),
(581,'Iranian pop','stijn'),
(582,'Iranian rock','meron'),
(583,'Isicathamiya','mart'),
(584,'Islamic music','manon'),
(585,'Italo dance','meron'),
(586,'Italo dance','stijn'),
(587,'Italo disco','stijn'),
(588,'Italo disco','manon'),
(589,'Italo house','mart'),
(590,'Jangle pop','mart'),
(591,'Jangle pop','manon'),
(592,'Japanese hip hop','stijn'),
(593,'Japanese jazz','stijn'),
(594,'Japanese rock','mart'),
(595,'Japanese rock','stijn'),
(596,'Japanoise','stijn'),
(597,'Jazz blues','meron'),
(598,'Jazz fusion','manon'),
(599,'Jazz fusion','stijn'),
(600,'Jazz house','manon'),
(601,'Jazz pop','stijn'),
(602,'Jazz rap','manon'),
(603,'Jazz rap','stijn'),
(604,'Jazz rock','stijn'),
(605,'Jazz rock','stijn'),
(606,'Jazz-funk','manon'),
(607,'Jazzstep','mart'),
(608,'Jazztronica','meron'),
(609,'J-core','mart'),
(610,'Jerkin','mart'),
(611,'Jersey club','meron'),
(612,'Jewish hip hop','mart'),
(613,'Jit','stijn'),
(614,'J-pop','mart'),
(615,'J-pop','manon'),
(616,'Jùjú','manon'),
(617,'Juke house','mart'),
(618,'Jump blues','stijn'),
(619,'Jumpstyle','mart'),
(620,'Jump-up','manon'),
(621,'Jungle','manon'),
(622,'Jungle terror','manon'),
(623,'Kadongo Kamu','mart'),
(624,'Kansas City blues','mart'),
(625,'Kansas City jazz','manon'),
(626,'Kawaii future bass','mart'),
(627,'Kayōkyoku','meron'),
(628,'Kazakh folk music','stijn'),
(629,'Keroncong','stijn'),
(630,'Khaliji','manon'),
(631,'Kidandali','stijn'),
(632,'Kizomba','stijn'),
(633,'Klezmer','manon'),
(634,'Korean folk music','meron'),
(635,'Korean hip hop','manon'),
(636,'Korean hip hop','meron'),
(637,'Korean rock','manon'),
(638,'Korean rock','manon'),
(639,'Korean rock','manon'),
(640,'Kosmische musik','stijn'),
(641,'K-pop','stijn'),
(642,'K-pop','manon'),
(643,'Krautrock','manon'),
(644,'Krautrock','stijn'),
(645,'Kuduro','meron'),
(646,'Kuduro','mart'),
(647,'Kuthu','stijn'),
(648,'Kwaito','mart'),
(649,'Kwaito','mart'),
(650,'Kwassa kwassa','mart'),
(651,'Kwela','manon'),
(652,'Kyrgyz folk music','stijn'),
(653,'Laïkó','stijn'),
(654,'Lambada','manon'),
(655,'Laptronica','mart'),
(656,'Latin alternative','stijn'),
(657,'Latin ballad','meron'),
(658,'Latin ballad','mart'),
(659,'Latin Christian','meron'),
(660,'Latin folk','stijn'),
(661,'Latin freestyle','stijn'),
(662,'Latin hip hop','meron'),
(663,'Latin house','meron'),
(664,'Latin jazz','stijn'),
(665,'Latin jazz','meron'),
(666,'Latin metal','manon'),
(667,'Latin pop','manon'),
(668,'Latin pop','manon'),
(669,'Latin rock','meron'),
(670,'Latin rock','stijn'),
(671,'Latin trap','stijn'),
(672,'Latin trap','stijn'),
(673,'Latin trap','meron'),
(674,'Latino punk','mart'),
(675,'Lavani','manon'),
(676,'Lento violento','meron'),
(677,'Light music','stijn'),
(678,'Lingala','manon'),
(679,'Liquid funk','stijn'),
(680,'Liturgical music','mart'),
(681,'Live electronics','stijn'),
(682,'Livetronica','meron'),
(683,'Livetronica','manon'),
(684,'Liwa','meron'),
(685,'Lo-fi','meron'),
(686,'Lofi hip hop','stijn'),
(687,'Lofi hip hop','manon'),
(688,'Louisiana blues','meron'),
(689,'Lounge music','meron'),
(690,'Lovers rock','meron'),
(691,'Lowercase','meron'),
(692,'L-pop','stijn'),
(693,'Luk krung','mart'),
(694,'Luk thung','meron'),
(695,'Madchester','meron'),
(696,'Madchester','stijn'),
(697,'Mahraganat','stijn'),
(698,'Mainstream hardcore','meron'),
(699,'Mainstream jazz','meron'),
(700,'Mákina','stijn'),
(701,'Makossa','manon'),
(702,'Malaysian hip hop','meron'),
(703,'Malaysian pop','mart'),
(704,'Malaysian rock','meron'),
(705,'Mallsoft','mart'),
(706,'Maloya','stijn'),
(707,'Maluf','mart'),
(708,'Mambo','manon'),
(709,'Mambo','meron'),
(710,'Mandopop','meron'),
(711,'Mandopop','manon'),
(712,'Mangue bit','stijn'),
(713,'Manila sound','meron'),
(714,'Manila sound','stijn'),
(715,'Marabi','mart'),
(716,'Maracatu','meron'),
(717,'Mariachi','stijn'),
(718,'Mariachi','mart'),
(719,'Marrabenta','meron'),
(720,'Martial industrial','manon'),
(721,'Martinetes','mart'),
(722,'Math metal','mart'),
(723,'Math rock','manon'),
(724,'Mathcore','meron'),
(725,'Mbalax','manon'),
(726,'Mbaqanga','meron'),
(727,'M-base','meron'),
(728,'Mbube','manon'),
(729,'Medieval folk rock','manon'),
(730,'Medieval metal','stijn'),
(731,'Melbourne bounce','mart'),
(732,'Melodic black metal','manon'),
(733,'Melodic death metal','manon'),
(734,'Melodic funk','mart'),
(735,'Melodic hardcore','meron'),
(736,'Melodic house','stijn'),
(737,'Melodic metalcore','manon'),
(738,'Memphis blues','meron'),
(739,'Memphis rap','mart'),
(740,'Mento','mart'),
(741,'Merengue','meron'),
(742,'Merengue','manon'),
(743,'Merenhouse','manon'),
(744,'Méringue','manon'),
(745,'Metal','stijn'),
(746,'Metalcore','stijn'),
(747,'Mexican pop','stijn'),
(748,'Miami bass','stijn'),
(749,'Miami bass','mart'),
(750,'Microhouse','stijn'),
(751,'Middle of the road','mart'),
(752,'Midwest emo','manon'),
(753,'Minimal techno','mart'),
(754,'Minimal wave','stijn'),
(755,'Minneapolis Sound','mart'),
(756,'Mod (subculture)','meron'),
(757,'Modal jazz','mart'),
(758,'Modern rock','mart'),
(759,'Mongolian folk music','meron'),
(760,'Moombahcore','stijn'),
(761,'Moombahsoul','manon'),
(762,'Moombahton','meron'),
(763,'Mor lam','stijn'),
(764,'Morlam','mart'),
(765,'Morna','meron'),
(766,'Mozambique','stijn'),
(767,'Mumble rap','manon'),
(768,'Mumble rap','mart'),
(769,'Música criolla','mart'),
(770,'Música popular brasileira','meron'),
(771,'Música sertaneja','manon'),
(772,'Musical improvisation','stijn'),
(773,'Musique concrète','manon'),
(774,'Musique concrète','mart'),
(775,'Nagoya kei','manon'),
(776,'Nashville sound','stijn'),
(777,'National Socialist black metal','stijn'),
(778,'Nazi punk','stijn'),
(779,'Ndombolo','meron'),
(780,'Nederbeat','mart'),
(781,'Nederpop','manon'),
(782,'Neo soul','meron'),
(783,'Neo soul','meron'),
(784,'Neo-bop jazz','manon'),
(785,'Neoclassical dark wave','mart'),
(786,'Neoclassical metal','meron'),
(787,'Neoclassical new-age','meron'),
(788,'Neofolk','manon'),
(789,'Neomelodic music','meron'),
(790,'Neon pop','stijn'),
(791,'Neon pop','stijn'),
(792,'Neo-progressive rock','manon'),
(793,'Neo-psychedelia','stijn'),
(794,'Neo-swing','stijn'),
(795,'Neotraditional country','manon'),
(796,'Nerdcore','manon'),
(797,'Neue Deutsche Härte','mart'),
(798,'Neue Deutsche Härte','stijn'),
(799,'Neue Deutsche Todeskunst','manon'),
(800,'Neue Deutsche Welle','mart'),
(801,'Neurofunk','manon'),
(802,'New beat','manon'),
(803,'New jack swing','mart'),
(804,'New jack swing','manon'),
(805,'New Jersey sound','mart'),
(806,'New Mexico','meron'),
(807,'New Mexico music','meron'),
(808,'New Orleans blues','stijn'),
(809,'New prog','manon'),
(810,'New rave','mart'),
(811,'New romantic','mart'),
(812,'New Romantic','stijn'),
(813,'New wave','mart'),
(814,'New wave','meron'),
(815,'New wave of American heavy metal','meron'),
(816,'New wave of British heavy metal','stijn'),
(817,'New-age','manon'),
(818,'New-age music','stijn'),
(819,'Nightcore','stijn'),
(820,'Nintendocore','mart'),
(821,'Nintendocore','mart'),
(822,'Nitzhonot','mart'),
(823,'No wave','meron'),
(824,'Noise','manon'),
(825,'Noise music','meron'),
(826,'Noise pop','manon'),
(827,'Noise rock','manon'),
(828,'Noisegrind','manon'),
(829,'Nordic popular music','mart'),
(830,'Nortec','stijn'),
(831,'Norteño','mart'),
(832,'Northern soul','manon'),
(833,'Novelty piano','meron'),
(834,'Nu jazz','mart'),
(835,'Nu metal','mart'),
(836,'Nu skool breaks','stijn'),
(837,'Nu-disco','stijn'),
(838,'Nueva canción','mart'),
(839,'Nu-gaze','meron'),
(840,'Oi!','stijn'),
(841,'Oldies','manon'),
(842,'Onkyokei','stijn'),
(843,'Operatic pop','stijn'),
(844,'OPM','meron'),
(845,'Orchestral jazz','meron'),
(846,'Original Pilipino','meron'),
(847,'Outlaw country','stijn'),
(848,'Outsider house','meron'),
(849,'Outsider music','stijn'),
(850,'Pagan metal','stijn'),
(851,'Pagan rock','manon'),
(852,'Pagode','meron'),
(853,'Paisley Underground','mart'),
(854,'Palm-wine','stijn'),
(855,'Pashto music','mart'),
(856,'PC Music','stijn'),
(857,'Peteneras','manon'),
(858,'Philly club','meron'),
(859,'Phonk','mart'),
(860,'Phonk','stijn'),
(861,'Pichakaree','mart'),
(862,'Piedmont blues','mart'),
(863,'Pinoy pop','mart'),
(864,'Pinoy pop','meron'),
(865,'Pinoy rock','mart'),
(866,'Pirate metal','meron'),
(867,'Plunderphonics','stijn'),
(868,'Political hip hop','mart'),
(869,'Pop punk','mart'),
(870,'Pop punk','mart'),
(871,'Pop rap','manon'),
(872,'Pop rap','stijn'),
(873,'Pop rock','manon'),
(874,'Pop rock','stijn'),
(875,'Pop soul','mart'),
(876,'Pornogrind','stijn'),
(877,'Porro','meron'),
(878,'Post-bop','mart'),
(879,'Post-Britpop','manon'),
(880,'Post-disco','mart'),
(881,'Post-disco','stijn'),
(882,'Post-dubstep','manon'),
(883,'Post-grunge','meron'),
(884,'Post-hardcore','stijn'),
(885,'Post-metal','manon'),
(886,'Post-metal','meron'),
(887,'Post-progressive','stijn'),
(888,'Post-punk','manon'),
(889,'Post-punk','mart'),
(890,'Post-punk revival','manon'),
(891,'Post-punk revival','mart'),
(892,'Post-rock','stijn'),
(893,'Post-rock','meron'),
(894,'Power electronics','meron'),
(895,'Power metal','manon'),
(896,'Power noise','mart'),
(897,'Power pop','stijn'),
(898,'Power pop','meron'),
(899,'Power soca','stijn'),
(900,'Powerviolence','meron'),
(901,'Progressive bluegrass','stijn'),
(902,'Progressive breaks','manon'),
(903,'Progressive country','stijn'),
(904,'Progressive electronic','stijn'),
(905,'Progressive folk','manon'),
(906,'Progressive house','meron'),
(907,'Progressive jazz','mart'),
(908,'Progressive metal','meron'),
(909,'Progressive music','stijn'),
(910,'Progressive pop','manon'),
(911,'Progressive rap','mart'),
(912,'Progressive rock','mart'),
(913,'Progressive soul','stijn'),
(914,'Progressive soul','stijn'),
(915,'Progressive trance','manon'),
(916,'Proibidão','stijn'),
(917,'Protest song','mart'),
(918,'Proto-punk','manon'),
(919,'Proto-punk','mart'),
(920,'Psybient','stijn'),
(921,'Psychedelic breakbeat','manon'),
(922,'Psychedelic folk','stijn'),
(923,'Psychedelic funk','manon'),
(924,'Psychedelic music','stijn'),
(925,'Psychedelic pop','meron'),
(926,'Psychedelic rock','stijn'),
(927,'Psychedelic soul','mart'),
(928,'Psychedelic soul','stijn'),
(929,'Psychedelic trance','mart'),
(930,'Psychobilly','stijn'),
(931,'Psychobilly','stijn'),
(932,'Psychobilly','stijn'),
(933,'Psydub','mart'),
(934,'Pub rock (Australia)','meron'),
(935,'Pub rock (United Kingdom)','stijn'),
(936,'Pumping house','mart'),
(937,'Punk blues','mart'),
(938,'Punk blues','mart'),
(939,'Punk jazz','stijn'),
(940,'Punk jazz','meron'),
(941,'Punk pathetique','stijn'),
(942,'Punk rap','meron'),
(943,'Punk rap','stijn'),
(944,'Punk rock','manon'),
(945,'Punkabilly','manon'),
(946,'Punta','manon'),
(947,'Punta rock','manon'),
(948,'Rabòday','manon'),
(949,'Raga rock','stijn'),
(950,'Raga rock','mart'),
(951,'Ragga','manon'),
(952,'Ragga jungle','mart'),
(953,'Ragga jungle','stijn'),
(954,'Ragini','stijn'),
(955,'Ragtime[1]','mart'),
(956,'Raï','mart'),
(957,'Ranchera','mart'),
(958,'Ranchera','meron'),
(959,'Rap metal','manon'),
(960,'Rap metal','mart'),
(961,'Rap opera','manon'),
(962,'Rap rock','mart'),
(963,'Rap rock','mart'),
(964,'Rapcore','stijn'),
(965,'Rapcore','meron'),
(966,'Rapcore','mart'),
(967,'Rapcore','meron'),
(968,'Rara tech','mart'),
(969,'Rasin','stijn'),
(970,'Rasteirinha','stijn'),
(971,'Rautalanka (Finnish surf-rock)','stijn'),
(972,'Reactionary bluegrass','manon'),
(973,'Rebetiko','meron'),
(974,'Red dirt','mart'),
(975,'Reductionism','mart'),
(976,'Reggae','mart'),
(977,'Reggae fusion','mart'),
(978,'Reggae punk','mart'),
(979,'Reggae rock','meron'),
(980,'Reggae rock','manon'),
(981,'Reggaestep','manon'),
(982,'Reggaeton','manon'),
(983,'Reggaeton','manon'),
(984,'Regional Mexican','meron'),
(985,'Religious hip hop','meron'),
(986,'Rhythm and blues','manon'),
(987,'Rhythm and blues','stijn'),
(988,'Riddim','manon'),
(989,'Riot grrrl','manon'),
(990,'Road rap','manon'),
(991,'Rock and roll','manon'),
(992,'Rock en Español','stijn'),
(993,'Rock in Opposition','mart'),
(994,'Rock music in France','meron'),
(995,'Rock music in Mexico','stijn'),
(996,'Rock opera','manon'),
(997,'Rockabilly','meron'),
(998,'Rockabilly','stijn'),
(999,'Rocksteady','mart'),
(1000,'Roots reggae','mart'),
(1001,'Roots rock','mart')
Insert into playlist values
(1002,'Rumba','mart'),
(1003,'Rumba','meron'),
(1004,'Rumba','mart'),
(1005,'Russ music','mart'),
(1006,'Russian pop','mart'),
(1007,'Sadcore','stijn'),
(1008,'Sakara','manon'),
(1009,'Salsa','manon'),
(1010,'Salsa','stijn'),
(1011,'Salsa romántica','stijn'),
(1012,'Samba','mart'),
(1013,'Samba rock','manon'),
(1014,'Samba rock','stijn'),
(1015,'Samba-jazz','stijn'),
(1016,'Sambass','mart'),
(1017,'Sampledelia','mart'),
(1018,'Sawt','mart'),
(1019,'Schaffel','mart'),
(1020,'Schlager','manon'),
(1021,'Scouse house','mart'),
(1022,'Screamo','stijn'),
(1023,'Sega','manon'),
(1024,'Seggae','meron'),
(1025,'Semba','mart'),
(1026,'Sertanejo','mart'),
(1027,'Shamstep','manon'),
(1028,'Shangaan electro','stijn'),
(1029,'Shangaan electro','mart'),
(1030,'Shashmaqam','mart'),
(1031,'Shibuya-kei','manon'),
(1032,'Shibuya-kei','manon'),
(1033,'Shoegaze','manon'),
(1034,'Singer-songwriter','stijn'),
(1035,'Ska','stijn'),
(1036,'Ska jazz','stijn'),
(1037,'Ska punk','meron'),
(1038,'Ska punk','mart'),
(1039,'Skate punk','stijn'),
(1040,'Skiffle','mart'),
(1041,'Skweee','manon'),
(1042,'Slacker rock','manon'),
(1043,'Slap house','manon'),
(1044,'Slowcore','mart'),
(1045,'Sludge metal','mart'),
(1046,'Smooth jazz','manon'),
(1047,'Snap','mart'),
(1048,'Snap music','mart'),
(1049,'Soca','stijn'),
(1050,'Soft rock','mart'),
(1051,'Soft rock','stijn'),
(1052,'Soleá','mart'),
(1053,'Son','manon'),
(1054,'Son cubano','stijn'),
(1055,'Son mexicano','meron'),
(1056,'Songo','mart'),
(1057,'Sophisti-pop','mart'),
(1058,'Sophisti-pop','manon'),
(1059,'Soukous','meron'),
(1060,'Soul','stijn'),
(1061,'Soul blues','stijn'),
(1062,'Soul jazz','meron'),
(1063,'Soul rock','manon'),
(1064,'Soulful house','manon'),
(1065,'Soundscape','manon'),
(1066,'Southern hip hop','mart'),
(1067,'Southern rock','stijn'),
(1068,'Southern soul','meron'),
(1069,'Sovietwave','meron'),
(1070,'Space age pop','mart'),
(1071,'Space disco','stijn'),
(1072,'Space music','stijn'),
(1073,'Space rock','meron'),
(1074,'Space rock','meron'),
(1075,'Spacesynth','meron'),
(1076,'Speed garage','meron'),
(1077,'Speedcore','manon'),
(1078,'Spirituals','manon'),
(1079,'Splittercore','manon'),
(1080,'Sri Lankan hip hop','meron'),
(1081,'Sri Lankan:','mart'),
(1082,'St. Louis blues','manon'),
(1083,'Stomp','mart'),
(1084,'Stoner rock','mart'),
(1085,'Stoner-doom','mart'),
(1086,'Straight-ahead jazz','manon'),
(1087,'Street punk','mart'),
(1088,'Stride jazz','mart'),
(1089,'Stride piano','stijn'),
(1090,'Sufi rock','mart'),
(1091,'Sufi rock','manon'),
(1092,'Sundanese pop','stijn'),
(1093,'Sung poetry','meron'),
(1094,'Sunshine pop','mart'),
(1095,'Suomisaundi','mart'),
(1096,'Surf pop','manon'),
(1097,'Surf punk','mart'),
(1098,'Surf rock','manon'),
(1099,'Swamp blues','meron'),
(1100,'Swamp pop','meron'),
(1101,'Swamp rock','mart'),
(1102,'Swing','stijn'),
(1103,'Symphonic black metal','stijn'),
(1104,'Symphonic metal','stijn'),
(1105,'Symphonic Rock','mart'),
(1106,'Synth punk','meron'),
(1107,'Synth-funk','stijn'),
(1108,'Synth-funk','mart'),
(1109,'Synth-metal','meron'),
(1110,'Synthpop','stijn'),
(1111,'Synth-pop','meron'),
(1112,'Synth-punk','mart'),
(1113,'Synthwave','meron'),
(1114,'Taarab','stijn'),
(1115,'Taiwanese hip hop','stijn'),
(1116,'Taiwanese pop','manon'),
(1117,'Taiwanese rock','stijn'),
(1118,'Tajik folk music','mart'),
(1119,'Tango','meron'),
(1120,'Tango','manon'),
(1121,'Tarantella/Pizzica','meron'),
(1122,'Tech house','stijn'),
(1123,'Tech trance','meron'),
(1124,'Technical death metal','manon'),
(1125,'Techno','mart'),
(1126,'Techstep','stijn'),
(1127,'Tecno brega','mart'),
(1128,'Tecnobrega','mart'),
(1129,'Teen pop','stijn'),
(1130,'Tejano','mart'),
(1131,'Tejano','stijn'),
(1132,'Tejano','manon'),
(1133,'Texas blues','stijn'),
(1134,'Texas country','manon'),
(1135,'Texas country','stijn'),
(1136,'Thai pop','manon'),
(1137,'Thai string pop','meron'),
(1138,'Third stream','mart'),
(1139,'Thrash metal','manon'),
(1140,'Thrashcore','meron'),
(1141,'Timba','manon'),
(1142,'Timba','mart'),
(1143,'Toná','manon'),
(1144,'Tonás','meron'),
(1145,'Tong guitar','meron'),
(1146,'Toytown techno','manon'),
(1147,'Trad jazz','meron'),
(1148,'Traditional country music','meron'),
(1149,'Traditional pop','meron'),
(1150,'Trance music','manon'),
(1151,'Trap','meron'),
(1152,'Trap','manon'),
(1153,'Trap (EDM)','meron'),
(1154,'Trap metal','meron'),
(1155,'Tread','manon'),
(1156,'Tribal guarachero','manon'),
(1157,'Tribal house','mart'),
(1158,'Trip hop','mart'),
(1159,'Trip rock','manon'),
(1160,'Tropical','manon'),
(1161,'Tropical house','mart'),
(1162,'Tropical rock','manon'),
(1163,'Tropicalia','mart'),
(1164,'Tropipop','stijn'),
(1165,'Trot','stijn'),
(1166,'Trot','mart'),
(1167,'Truck-driving country','mart'),
(1168,'Turbo-folk','stijn'),
(1169,'Turkish pop','stijn'),
(1170,'Turntablism','stijn'),
(1171,'Tuvan','mart'),
(1172,'Twee pop','stijn'),
(1173,'Two-tone','manon'),
(1174,'Twoubadou','mart'),
(1175,'UK bass','mart'),
(1176,'UK drill','manon'),
(1177,'UK drill','stijn'),
(1178,'UK funky','mart'),
(1179,'UK garage','mart'),
(1180,'UK hard house','meron'),
(1181,'UK hardcore','manon'),
(1182,'UK trap','stijn'),
(1183,'Unblack metal','meron'),
(1184,'Underground hip hop','stijn'),
(1185,'Underground music','meron'),
(1186,'Uplifting trance','meron'),
(1187,'Vallenato','stijn'),
(1188,'Vaporwave','mart'),
(1189,'Video game music','meron'),
(1190,'Viking metal','manon'),
(1191,'Viking rock','mart'),
(1192,'Vispop','mart'),
(1193,'Visual kei','meron'),
(1194,'Vocal jazz','meron'),
(1195,'Vocal trance','manon'),
(1196,'V-pop','stijn'),
(1197,'Wave','stijn'),
(1198,'West Coast blues','stijn'),
(1199,'West Coast hip hop','meron'),
(1200,'West Coast jazz','mart'),
(1201,'Western (Cowboy)','meron'),
(1202,'Western swing','stijn'),
(1203,'Witch house','mart'),
(1204,'Wizard rock','meron'),
(1205,'Wonky','stijn'),
(1206,'Wonky pop','stijn'),
(1207,'World fusion','mart'),
(1208,'Worldbeat','meron'),
(1209,'Worldbeat','mart'),
(1210,'Worldbeat','stijn'),
(1211,'Yacht rock','manon'),
(1212,'Yacht rock','manon'),
(1213,'Yé-yé','manon'),
(1214,'Zamrock','mart'),
(1215,'Zouglou','meron'),
(1216,'Zouk','meron'),
(1217,'Zouk-Lambada','meron'),
(1218,'Zydeco','stijn')

Insert into Track (Trackid, tracktitle, performer, trackduration, album, playcount, offlineavailable) Values
(1,'Chiquitita','ABBA',134,'single',4048906,0),
(2,'Eva Maria','Formula V',179,'single',1124460,0),
(3,'Fuiste Mia Un Verano','Leonardo Favio',189,'single',5745127,0),
(4,'Cara De Gitana','Daniel Magal',287,'single',8321242,1),
(5,'No More Tears (Enough Is Enough)','Barbra Streisand & Donna Summer',187,'single',650944,0),
(6,'Vamos, Vamos Argentina','Los Campeones',128,'single',1200857,1),
(7,'Its a Heartache','Bonnie Tyler',215,'single',2747162,0),
(8,'Candle in the Wind 1997','Elton John',287,'single',5231636,1),
(9,'Dance Monkey','Tones and I',188,'single',2650807,0),
(10,'Anton aus Tirol','Anton & DJ Ötzi',140,'single',3381728,0),
(11,'Heat Waves','Glass Animals',143,'single',7959842,0),
(12,'Roller','Apache 207',221,'single',7359246,1),
(13,'Bad Guy','Billie Eilish',300,'single',8683297,1),
(14,'Atemlos durch die Nacht','Helen Fischer',159,'single',1134261,1),
(15,'Lambada','Kaoma',193,'single',6142081,0),
(16,'Y.M.C.A.','Village People',218,'single',612603,1),
(17,'Waterloo','ABBA',293,'single',1087280,0),
(18,'The Smurfs Song','The Smurfs music',160,'single',9228340,0),
(19,'Rivers of Babylon','Boney M.',270,'single',6855571,1),
(20,'Chirpy Chirpy Cheep Cheep','Middle of the Road',227,'single',2880331,0),
(21,'Youre the One That I Want','John Travolta & Olivia Newton-John',177,'single',721112,0),
(22,'Poppa Joe','Sweet',265,'single',4517069,1),
(23,'Eviva España','Samantha',268,'single',2775938,1),
(24,'Vous Permettez Monsieur','Adamo',193,'single',716444,1),
(25,'I Want to Hold Your Hand','The Beatles',261,'single',7293847,1),
(26,'Dont Play That Song','Adriano Celentano',296,'single',7365889,0),
(27,'Do You Wanna Dance','Barry Blue',153,'single',2007973,0),
(28,'Dancin (on a Saturday Night)','Barry Blue',221,'single',9920932,1),
(29,'De wilde boerendochtere','Ivan Heylen',134,'single',9241441,1),
(30,'Roses to Sandra','Jimmy Frey',274,'single',2780557,0),
(31,'Rockollection','Laurent Voulzy',258,'single',7247144,0),
(32,'Comme jai toujours envie daimer','Marc Hamilton',224,'single',8019962,1),
(33,'Sarà perché ti amo','Ricchi e Poveri',138,'single',5077739,0),
(34,'Rockollection','Laurent Voulzy',233,'single',3421010,1),
(35,'Such A Night','Ricky Gordon',132,'single',3859355,1),
(36,'Swinging of A Star','Spooky & Sue',264,'single',9525337,0),
(37,'Candle in the Wind 1997','Elton John',208,'single',8958443,1),
(38,'The Ketchup Song (Aserejé)','Las Ketchup',144,'single',4039640,1),
(39,'Barbie Girl','Aqua',265,'single',8240136,1),
(40,'Are You with Me','Lost Frequencies',229,'single',499111,0),
(41,'Ill Be Missing You','Puff Daddy',163,'single',9816696,0),
(42,'Dance Monkey','Tones and I',290,'single',5975218,0),
(43,'Djadja','Aya Nakamura',165,'single',5053474,1),
(44,'Bad Guy','Billie Eilish',294,'single',7184021,0),
(45,'Someone You Loved','Lewis Capaldi',277,'single',3492468,1),
(46,'Old Town Road','Lil Nas X',180,'single',142593,0),
(47,'Reality','Lost Frequencies',170,'single',9571699,1),
(48,'Blinding Lights','The Weeknd',215,'single',6417354,0),
(49,'...Baby One More Time','Britney Spears',149,'single',3082218,1),
(50,'My Heart Will Go On','Celine Dion',194,'single',2517071,1),
(51,'Believe','Cher',225,'single',1422059,1),
(52,'Mambo No. 5','Lou Bega',206,'single',6958369,1),
(53,'Belle','Patrick Fiori, Daniel Lavoie & Garou',241,'single',2562209,0),
(54,'If I Could Turn Back the Hands of Time','R. Kelly',155,'single',931788,1),
(55,'Jaime la vie','Sandra Kim',201,'single',9545661,1),
(56,'Alane','Wes',265,'single',5255559,1),
(57,'Shape of You','Ed Sheeran',181,'single',3506751,1),
(58,'White Christmas','Bing Crosby',209,'single',1352194,0),
(59,'Something About the Way You Look Tonight/Candle in the Wind 1997','Elton John',280,'single',849044,1),
(60,'Petit Papa Noël','Tino Rossi',279,'single',588667,0),
(61,'In the Summertime','Mungo Jerry',214,'single',9847638,0),
(62,'Rock Around the Clock','Bill Haley & His Comets',147,'single',7221723,1),
(63,'I Will Always Love You','Whitney Houston',243,'single',6795914,0),
(64,'Its Now or Never','Elvis Presley',129,'single',5512685,1),
(65,'We Are the World','USA for Africa',161,'single',2634782,0),
(66,'If I Didnt Care','The Ink Spots',157,'single',3812596,0),
(67,'Yes Sir, I Can Boogie','Baccara',166,'single',3404169,0),
(68,'My Heart Will Go On','Celine Dion',208,'single',9541680,1),
(69,'All I Want for Christmas Is You','Mariah Carey',290,'single',2945072,0),
(70,'(Everything I Do) I Do It for You','Bryan Adams',147,'single',4461456,1),
(71,'Youre the One That I Want','John Travolta and Olivia Newton-John',239,'single',1355966,1),
(72,'Bei Mir Bist Du Schön','The Andrews Sisters',195,'single',6199987,1),
(73,'Wind of Change','Scorpions',281,'single',3217908,1),
(74,'Sweet Mother','Prince Nico Mbarga',291,'single',9371358,1),
(75,'Sukiyaki','Kyu Sakamoto',137,'single',4913106,1),
(76,'Rudolph the Red-Nosed Reindeer','Gene Autry',219,'single',3421320,0),
(77,'I Want to Hold Your Hand','The Beatles',272,'single',1786729,1),
(78,'Time to Say Goodbye','Andrea Bocelli and Sarah Brightman',195,'single',6310654,0),
(79,'Y.M.C.A.','Village People',280,'single',3472955,0),
(80,'Do They Know Its Christmas?','Band Aid',155,'single',4682411,1),
(81,'Macarena','Los del Río',250,'single',7024074,1),
(82,'Believe','Cher',265,'single',266557,0),
(83,'Kung Fu Fighting','Carl Douglas',250,'single',9395418,1),
(84,'Rock Your Baby','George McCrae',225,'single',6671178,0),
(85,'Paper Doll','Mills Brothers',153,'single',5811231,1),
(86,'The Last Farewell','Roger Whittaker',130,'single',8628885,0),
(87,'Silent Night','Bing Crosby',178,'single',3168569,0),
(88,'Fernando','ABBA',224,'single',596089,0),
(89,'Wabash Cannonball','Roy Acuff',243,'single',8831456,0),
(90,'Diana','Paul Anka',224,'single',1431961,1),
(91,'Un-Break My Heart','Toni Braxton',159,'single',3985713,0),
(92,'My Sweet Lord','George Harrison',229,'single',8418362,0),
(93,'Chirpy Chirpy Cheep Cheep','Middle of the Road',168,'single',4607290,1),
(94,'Im a Believer','The Monkees',267,'single',3312873,1),
(95,'Mundian To Bach Ke','Panjabi MC',173,'single',2490355,0),
(96,'Tennessee Waltz','Patti Page',148,'single',796719,0),
(97,'Earth Angel','The Penguins',143,'single',6412121,0),
(98,'Hound Dog','Elvis Presley',163,'single',8782731,0),
(99,'A Whiter Shade of Pale','Procol Harum',166,'single',8822790,0),
(100,'...Baby One More Time','Britney Spears',158,'single',4395675,0),
(101,'My Sharona','The Knack',180,'single',2021064,1),
(102,'Spotlight (光点)','Xiao Zhan',129,'single',3101376,0),
(103,'Shape of You','Ed Sheeran',250,'single',3150902,0),
(104,'Despacito','Luis Fonsi featuring Daddy Yankee',201,'single',8404421,1),
(105,'Work','Rihanna featuring Drake',259,'single',1181970,0),
(106,'Something Just Like This','The Chainsmokers and Coldplay',208,'single',7999005,0),
(107,'Perfect','Ed Sheeran',129,'single',8672905,0),
(108,'See You Again','Wiz Khalifa featuring Charlie Puth',224,'single',2525846,1),
(109,'Closer','The Chainsmokers featuring Halsey',196,'single',6085756,1),
(110,'Rolling in the Deep','Adele',207,'single',7656337,1),
(111,'Uptown Funk','Mark Ronson featuring Bruno Mars',149,'single',6996443,0),
(112,'Bad Guy','Billie Eilish',288,'single',8734075,1),
(113,'Thinking Out Loud','Ed Sheeran',142,'single',2963024,0),
(114,'Havana','Camila Cabello featuring Young Thug',122,'single',5991637,1),
(115,'Old Town Road','Lil Nas X',147,'single',5624439,0),
(116,'Call Me Maybe','Carly Rae Jepsen',245,'single',5494120,0),
(117,'Love Story','Taylor Swift',205,'single',3205877,0),
(118,'Someone Like You','Adele',261,'single',5753873,0),
(119,'Needed Me','Rihanna',182,'single',6608666,1),
(120,'Señorita','Shawn Mendes and Camila Cabello',157,'single',5746389,1),
(121,'Believer','Imagine Dragons',222,'single',8473714,0),
(122,'Gods Plan','Drake',156,'single',7498110,0),
(123,'Love on the Brain','Rihanna',152,'single',5267097,1),
(124,'Blurred Lines','Robin Thicke featuring T.I. and Pharrell',267,'single',4973487,0),
(125,'Moves Like Jagger','Maroon 5 featuring Christina Aguilera',192,'single',8932861,1),
(126,'Tik Tok','Kesha',233,'single',647851,1),
(127,'Poker Face','Lady Gaga',224,'single',6157761,0),
(128,'Happy','Pharrell Williams',159,'single',3384285,0),
(129,'Sugar','Maroon 5',293,'single',4826215,0),
(130,'Sunflower','Post Malone and Swae Lee',167,'single',3082578,1),
(131,'Thrift Shop','Macklemore and Ryan Lewis featuring Wanz',259,'single',2314488,1),
(132,'7 Rings','Ariana Grande',282,'single',2846915,1),
(133,'Dark Horse','Katy Perry featuring Juicy J',251,'single',5134411,0),
(134,'Lean On','Major Lazer & DJ Snake featuring MØ',262,'single',1276289,1),
(135,'Somebody That I Used to Know','Gotye featuring Kimbra',269,'single',5172281,0),
(136,'Love Me like You Do','Ellie Goulding',234,'single',1825573,1),
(137,'One Dance','Drake featuring Wizkid and Kyla',249,'single',5571314,0),
(138,'Just the Way You Are','Bruno Mars',245,'single',1800450,1),
(139,'Hello','Adele',274,'single',6185600,0),
(140,'All of Me','John Legend',234,'single',7457565,0),
(141,'Im Yours','Jason Mraz',274,'single',3236619,1),
(142,'Right Round','Flo Rida featuring Kesha',147,'single',8455271,1),
(143,'Low','Flo Rida featuring T-Pain',286,'single',7323171,0),
(144,'Bad Romance','Lady Gaga',209,'single',6096021,0),
(145,'Girls Like You','Maroon 5 featuring Cardi B',132,'single',4482558,1),
(146,'Love Yourself','Justin Bieber',253,'single',8474081,1),
(147,'Dance Monkey','Tones and I',204,'single',9500310,1),
(148,'Wake Me Up','Avicii featuring Aloe Blacc',191,'single',1829846,0),
(149,'Cheap Thrills','Sia featuring Sean Paul',157,'single',762461,0),
(150,'All About That Bass','Meghan Trainor',224,'single',8951009,1),
(151,'Be Apart','Tia Ray',166,'single',8954176,1),
(152,'Let It Go','Idina Menzel',249,'single',143420,0),
(153,'Sorry','Justin Bieber',212,'single',5408876,1),
(154,'7 Years','Lukas Graham',248,'single',2546707,1),
(155,'I Dont Care','Ed Sheeran and Justin Bieber',158,'single',9282900,0),
(156,'Shallow','Lady Gaga and Bradley Cooper',202,'single',6344253,0),
(157,'Dont Let Me Down','The Chainsmokers featuring Daya',145,'single',2013970,0),
(158,'Royals','Lorde',160,'single',9931277,1),
(159,'Grenade','Bruno Mars',195,'single',7787934,0),
(160,'I Took a Pill in Ibiza','Mike Posner',178,'single',1808201,0),
(161,'Waka Waka (This Time for Africa)','Shakira featuring Freshlyground',127,'single',4896887,0),
(162,'Hips Dont Lie','Shakira featuring Wyclef Jean',218,'single',9409545,0),
(163,'Just Dance','Lady Gaga featuring Colby ODonis',282,'single',602365,1)

Insert Into PLAYLIST_SAVED_BY Values
('manon',11),
('manon',13),
('manon',17),
('manon',21),
('manon',23),
('manon',25),
('manon',27),
('manon',30),
('manon',46),
('manon',49),
('manon',51),
('manon',52),
('manon',54),
('manon',65),
('manon',67),
('manon',71),
('manon',72),
('manon',73),
('manon',86),
('manon',90),
('manon',92),
('manon',94),
('manon',99),
('manon',100),
('manon',103),
('manon',106),
('manon',111),
('manon',115),
('manon',126),
('manon',127),
('manon',131),
('manon',135),
('manon',140),
('manon',141),
('manon',144),
('manon',146),
('manon',150),
('manon',155),
('manon',156),
('manon',164),
('manon',169),
('manon',175),
('manon',178),
('manon',182),
('manon',183),
('manon',193),
('manon',197),
('manon',198),
('manon',199),
('manon',207),
('manon',213),
('manon',215),
('manon',225),
('manon',226),
('manon',228),
('manon',232),
('manon',236),
('manon',238),
('manon',239),
('manon',240),
('manon',241),
('manon',247),
('manon',248),
('manon',250),
('manon',262),
('manon',264),
('manon',270),
('manon',271),
('manon',276),
('manon',279),
('manon',286),
('manon',291),
('manon',293),
('manon',302),
('manon',305),
('manon',306),
('manon',309),
('manon',310),
('manon',313),
('manon',321),
('manon',327),
('manon',333),
('manon',337),
('manon',339),
('manon',342),
('manon',344),
('manon',349),
('manon',369),
('manon',373),
('manon',376),
('manon',377),
('manon',382),
('manon',383),
('manon',384),
('manon',388),
('manon',397),
('manon',408),
('manon',409),
('manon',419),
('manon',420),
('manon',423),
('manon',424),
('manon',425),
('manon',434),
('manon',443),
('manon',447),
('manon',457),
('manon',462),
('manon',470),
('manon',471),
('manon',480),
('manon',482),
('manon',484),
('manon',492),
('manon',494),
('manon',495),
('manon',498),
('manon',499),
('manon',501),
('manon',504),
('manon',507),
('manon',511),
('manon',513),
('manon',514),
('manon',515),
('manon',516),
('manon',519),
('manon',520),
('manon',523),
('manon',525),
('manon',526),
('manon',531),
('manon',540),
('manon',552),
('manon',553),
('manon',559),
('manon',561),
('manon',563),
('manon',565),
('manon',566),
('manon',584),
('manon',588),
('manon',591),
('manon',598),
('manon',600),
('manon',602),
('manon',606),
('manon',615),
('manon',616),
('manon',620),
('manon',621),
('manon',622),
('manon',625),
('manon',630),
('manon',633),
('manon',635),
('manon',637),
('manon',638),
('manon',639),
('manon',642),
('manon',643),
('manon',651),
('manon',654),
('manon',666),
('manon',667),
('manon',668),
('manon',675),
('manon',678),
('manon',683),
('manon',687),
('manon',701),
('manon',708),
('manon',711),
('manon',720),
('manon',723),
('manon',725),
('manon',728),
('manon',729),
('manon',732),
('manon',733),
('manon',737),
('manon',742),
('manon',743),
('manon',744),
('manon',752),
('manon',761),
('manon',767),
('manon',771),
('manon',773),
('manon',775),
('manon',781),
('manon',784),
('manon',788),
('manon',792),
('manon',795),
('manon',796),
('manon',799),
('manon',801),
('manon',802),
('manon',804),
('manon',809),
('manon',817),
('manon',824),
('manon',826),
('manon',827),
('manon',828),
('manon',832),
('manon',841),
('manon',851),
('manon',857),
('manon',871),
('manon',873),
('manon',879),
('manon',882),
('manon',885),
('manon',888),
('manon',890),
('manon',895),
('manon',902),
('manon',905),
('manon',910),
('manon',915),
('manon',918),
('manon',921),
('manon',923),
('manon',944),
('manon',945),
('manon',946),
('manon',947),
('manon',948),
('manon',951),
('manon',959),
('manon',961),
('manon',972),
('manon',980),
('manon',981),
('manon',982),
('manon',983),
('manon',986),
('manon',988),
('manon',989),
('manon',990),
('manon',991),
('manon',996),
('manon',1008),
('manon',1009),
('manon',1013),
('manon',1020),
('manon',1023),
('manon',1027),
('manon',1031),
('manon',1032),
('manon',1033),
('manon',1041),
('manon',1042),
('manon',1043),
('manon',1046),
('manon',1053),
('manon',1058),
('manon',1063),
('manon',1064),
('manon',1065),
('manon',1077),
('manon',1078),
('manon',1079),
('manon',1082),
('manon',1086),
('manon',1091),
('manon',1096),
('manon',1098),
('manon',1116),
('manon',1120),
('manon',1124),
('manon',1132),
('manon',1134),
('manon',1136),
('manon',1139),
('manon',1141),
('manon',1143),
('manon',1146),
('manon',1150),
('manon',1152),
('manon',1155),
('manon',1156),
('manon',1159),
('manon',1160),
('manon',1162),
('manon',1173),
('manon',1176),
('manon',1181),
('manon',1190),
('manon',1195),
('manon',1211),
('manon',1212),
('manon',1213),
('mart',5),
('mart',12),
('mart',19),
('mart',22),
('mart',26),
('mart',28),
('mart',31),
('mart',36),
('mart',38),
('mart',48),
('mart',53),
('mart',59),
('mart',60),
('mart',61),
('mart',69),
('mart',70),
('mart',74),
('mart',82),
('mart',83),
('mart',88),
('mart',98),
('mart',109),
('mart',112),
('mart',113),
('mart',114),
('mart',117),
('mart',121),
('mart',125),
('mart',128),
('mart',129),
('mart',133),
('mart',142),
('mart',143),
('mart',149),
('mart',153),
('mart',161),
('mart',165),
('mart',166),
('mart',170),
('mart',177),
('mart',184),
('mart',186),
('mart',187),
('mart',188),
('mart',192),
('mart',195),
('mart',196),
('mart',200),
('mart',203),
('mart',204),
('mart',205),
('mart',208),
('mart',210),
('mart',211),
('mart',214),
('mart',216),
('mart',218),
('mart',221),
('mart',229),
('mart',234),
('mart',243),
('mart',244),
('mart',245),
('mart',249),
('mart',251),
('mart',252),
('mart',253),
('mart',254),
('mart',257),
('mart',260),
('mart',261),
('mart',263),
('mart',268),
('mart',273),
('mart',281),
('mart',282),
('mart',283),
('mart',285),
('mart',289),
('mart',292),
('mart',295),
('mart',296),
('mart',299),
('mart',301),
('mart',303),
('mart',304),
('mart',318),
('mart',323),
('mart',326),
('mart',328),
('mart',329),
('mart',330),
('mart',332),
('mart',343),
('mart',345),
('mart',346),
('mart',352),
('mart',354),
('mart',356),
('mart',358),
('mart',363),
('mart',365),
('mart',368),
('mart',371),
('mart',372),
('mart',374),
('mart',379),
('mart',380),
('mart',381),
('mart',385),
('mart',390),
('mart',392),
('mart',394),
('mart',396),
('mart',398),
('mart',402),
('mart',406),
('mart',426),
('mart',428),
('mart',429),
('mart',431),
('mart',433),
('mart',435),
('mart',440),
('mart',441),
('mart',444),
('mart',445),
('mart',446),
('mart',449),
('mart',455),
('mart',458),
('mart',467),
('mart',486),
('mart',488),
('mart',490),
('mart',493),
('mart',500),
('mart',505),
('mart',508),
('mart',517),
('mart',522),
('mart',527),
('mart',530),
('mart',535),
('mart',542),
('mart',543),
('mart',545),
('mart',548),
('mart',555),
('mart',556),
('mart',557),
('mart',558),
('mart',560),
('mart',567),
('mart',569),
('mart',570),
('mart',572),
('mart',576),
('mart',580),
('mart',583),
('mart',589),
('mart',590),
('mart',594),
('mart',607),
('mart',609),
('mart',610),
('mart',612),
('mart',614),
('mart',617),
('mart',619),
('mart',623),
('mart',624),
('mart',626),
('mart',646),
('mart',648),
('mart',649),
('mart',650),
('mart',655),
('mart',658),
('mart',674),
('mart',680),
('mart',693),
('mart',703),
('mart',705),
('mart',707),
('mart',715),
('mart',718),
('mart',721),
('mart',722),
('mart',731),
('mart',734),
('mart',739),
('mart',740),
('mart',749),
('mart',751),
('mart',753),
('mart',755),
('mart',757),
('mart',758),
('mart',764),
('mart',768),
('mart',769),
('mart',774),
('mart',780),
('mart',785),
('mart',797),
('mart',800),
('mart',803),
('mart',805),
('mart',810),
('mart',811),
('mart',813),
('mart',820),
('mart',821),
('mart',822),
('mart',829),
('mart',831),
('mart',834),
('mart',835),
('mart',838),
('mart',853),
('mart',855),
('mart',859),
('mart',861),
('mart',862),
('mart',863),
('mart',865),
('mart',868),
('mart',869),
('mart',870),
('mart',875),
('mart',878),
('mart',880),
('mart',889),
('mart',891),
('mart',896),
('mart',907),
('mart',911),
('mart',912),
('mart',917),
('mart',919),
('mart',927),
('mart',929),
('mart',933),
('mart',936),
('mart',937),
('mart',938),
('mart',950),
('mart',952),
('mart',955),
('mart',956),
('mart',957),
('mart',960),
('mart',962),
('mart',963),
('mart',966),
('mart',968),
('mart',974),
('mart',975),
('mart',976),
('mart',977),
('mart',978),
('mart',993),
('mart',999),
('mart',1000),
('mart',1001),
('mart',1002),
('mart',1004),
('mart',1005),
('mart',1006),
('mart',1012),
('mart',1016),
('mart',1017),
('mart',1018),
('mart',1019),
('mart',1021),
('mart',1025),
('mart',1026),
('mart',1029),
('mart',1030),
('mart',1038),
('mart',1040),
('mart',1044),
('mart',1045),
('mart',1047),
('mart',1048),
('mart',1050),
('mart',1052),
('mart',1056),
('mart',1057),
('mart',1066),
('mart',1070),
('mart',1081),
('mart',1083),
('mart',1084),
('mart',1085),
('mart',1087),
('mart',1088),
('mart',1090),
('mart',1094),
('mart',1095),
('mart',1097),
('mart',1101),
('mart',1105),
('mart',1108),
('mart',1112),
('mart',1118),
('mart',1125),
('mart',1127),
('mart',1128),
('mart',1130),
('mart',1138),
('mart',1142),
('mart',1157),
('mart',1158),
('mart',1161),
('mart',1163),
('mart',1166),
('mart',1167),
('mart',1171),
('mart',1174),
('mart',1175),
('mart',1178),
('mart',1179),
('mart',1188),
('mart',1191),
('mart',1192),
('mart',1200),
('mart',1203),
('mart',1207),
('mart',1209),
('mart',1214),
('meron',1),
('meron',2),
('meron',7),
('meron',9),
('meron',10),
('meron',16),
('meron',18),
('meron',24),
('meron',32),
('meron',34),
('meron',37),
('meron',39),
('meron',40),
('meron',41),
('meron',42),
('meron',44),
('meron',50),
('meron',57),
('meron',58),
('meron',62),
('meron',68),
('meron',75),
('meron',76),
('meron',78),
('meron',79),
('meron',87),
('meron',91),
('meron',93),
('meron',95),
('meron',96),
('meron',110),
('meron',116),
('meron',122),
('meron',123),
('meron',124),
('meron',130),
('meron',136),
('meron',139),
('meron',145),
('meron',148),
('meron',152),
('meron',154),
('meron',157),
('meron',158),
('meron',159),
('meron',162),
('meron',163),
('meron',172),
('meron',173),
('meron',179),
('meron',180),
('meron',181),
('meron',185),
('meron',189),
('meron',190),
('meron',212),
('meron',224),
('meron',227),
('meron',256),
('meron',258),
('meron',267),
('meron',269),
('meron',275),
('meron',277),
('meron',278),
('meron',290),
('meron',300),
('meron',308),
('meron',312),
('meron',315),
('meron',319),
('meron',322),
('meron',325),
('meron',331),
('meron',335),
('meron',338),
('meron',340),
('meron',347),
('meron',348),
('meron',353),
('meron',355),
('meron',359),
('meron',362),
('meron',364),
('meron',367),
('meron',370),
('meron',386),
('meron',387),
('meron',391),
('meron',393),
('meron',399),
('meron',400),
('meron',401),
('meron',403),
('meron',404),
('meron',410),
('meron',412),
('meron',414),
('meron',416),
('meron',417),
('meron',418),
('meron',421),
('meron',422),
('meron',427),
('meron',432),
('meron',436),
('meron',437),
('meron',442),
('meron',450),
('meron',451),
('meron',452),
('meron',466),
('meron',473),
('meron',476),
('meron',478),
('meron',479),
('meron',483),
('meron',485),
('meron',489),
('meron',502),
('meron',512),
('meron',528),
('meron',529),
('meron',532),
('meron',534),
('meron',537),
('meron',538),
('meron',539),
('meron',541),
('meron',546),
('meron',547),
('meron',549),
('meron',550),
('meron',554),
('meron',564),
('meron',578),
('meron',579),
('meron',582),
('meron',585),
('meron',597),
('meron',608),
('meron',611),
('meron',627),
('meron',634),
('meron',636),
('meron',645),
('meron',657),
('meron',659),
('meron',662),
('meron',663),
('meron',665),
('meron',669),
('meron',673),
('meron',676),
('meron',682),
('meron',684),
('meron',685),
('meron',688),
('meron',689),
('meron',690),
('meron',691),
('meron',694),
('meron',695),
('meron',698),
('meron',699),
('meron',702),
('meron',704),
('meron',709),
('meron',710),
('meron',713),
('meron',716),
('meron',719),
('meron',724),
('meron',726),
('meron',727),
('meron',735),
('meron',738),
('meron',741),
('meron',756),
('meron',759),
('meron',762),
('meron',765),
('meron',770),
('meron',779),
('meron',782),
('meron',783),
('meron',786),
('meron',787),
('meron',789),
('meron',806),
('meron',807),
('meron',814),
('meron',815),
('meron',823),
('meron',825),
('meron',833),
('meron',839),
('meron',844),
('meron',845),
('meron',846),
('meron',848),
('meron',852),
('meron',858),
('meron',864),
('meron',866),
('meron',877),
('meron',883),
('meron',886),
('meron',893),
('meron',894),
('meron',898),
('meron',900),
('meron',906),
('meron',908),
('meron',925),
('meron',934),
('meron',940),
('meron',942),
('meron',958),
('meron',965),
('meron',967),
('meron',973),
('meron',979),
('meron',984),
('meron',985),
('meron',994),
('meron',997),
('meron',1003),
('meron',1024),
('meron',1037),
('meron',1055),
('meron',1059),
('meron',1062),
('meron',1068),
('meron',1069),
('meron',1073),
('meron',1074),
('meron',1075),
('meron',1076),
('meron',1080),
('meron',1093),
('meron',1099),
('meron',1100),
('meron',1106),
('meron',1109),
('meron',1111),
('meron',1113),
('meron',1119),
('meron',1121),
('meron',1123),
('meron',1137),
('meron',1140),
('meron',1144),
('meron',1145),
('meron',1147),
('meron',1148),
('meron',1149),
('meron',1151),
('meron',1153),
('meron',1154),
('meron',1180),
('meron',1183),
('meron',1185),
('meron',1186),
('meron',1189),
('meron',1193),
('meron',1194),
('meron',1199),
('meron',1201),
('meron',1204),
('meron',1208),
('meron',1215),
('meron',1216),
('meron',1217),
('stijn',3),
('stijn',4),
('stijn',6),
('stijn',8),
('stijn',14),
('stijn',15),
('stijn',20),
('stijn',29),
('stijn',33),
('stijn',35),
('stijn',43),
('stijn',45),
('stijn',47),
('stijn',55),
('stijn',56),
('stijn',63),
('stijn',64),
('stijn',66),
('stijn',77),
('stijn',80),
('stijn',81),
('stijn',84),
('stijn',85),
('stijn',89),
('stijn',97),
('stijn',101),
('stijn',102),
('stijn',104),
('stijn',105),
('stijn',107),
('stijn',108),
('stijn',118),
('stijn',119),
('stijn',120),
('stijn',132),
('stijn',134),
('stijn',137),
('stijn',138),
('stijn',147),
('stijn',151),
('stijn',160),
('stijn',167),
('stijn',168),
('stijn',171),
('stijn',174),
('stijn',176),
('stijn',191),
('stijn',194),
('stijn',201),
('stijn',202),
('stijn',206),
('stijn',209),
('stijn',217),
('stijn',219),
('stijn',220),
('stijn',222),
('stijn',223),
('stijn',230),
('stijn',231),
('stijn',233),
('stijn',235),
('stijn',237),
('stijn',242),
('stijn',246),
('stijn',255),
('stijn',259),
('stijn',265),
('stijn',266),
('stijn',272),
('stijn',274),
('stijn',280),
('stijn',284),
('stijn',287),
('stijn',288),
('stijn',294),
('stijn',297),
('stijn',298),
('stijn',307),
('stijn',311),
('stijn',314),
('stijn',316),
('stijn',317),
('stijn',320),
('stijn',324),
('stijn',334),
('stijn',336),
('stijn',341),
('stijn',350),
('stijn',351),
('stijn',357),
('stijn',360),
('stijn',361),
('stijn',366),
('stijn',375),
('stijn',378),
('stijn',389),
('stijn',395),
('stijn',405),
('stijn',407)
Insert Into PLAYLIST_SAVED_BY Values
('stijn',411),
('stijn',413),
('stijn',415),
('stijn',430),
('stijn',438),
('stijn',439),
('stijn',448),
('stijn',453),
('stijn',454),
('stijn',456),
('stijn',459),
('stijn',460),
('stijn',461),
('stijn',463),
('stijn',464),
('stijn',465),
('stijn',468),
('stijn',469),
('stijn',472),
('stijn',474),
('stijn',475),
('stijn',477),
('stijn',481),
('stijn',487),
('stijn',491),
('stijn',496),
('stijn',497),
('stijn',503),
('stijn',506),
('stijn',509),
('stijn',510),
('stijn',518),
('stijn',521),
('stijn',524),
('stijn',533),
('stijn',536),
('stijn',544),
('stijn',551),
('stijn',562),
('stijn',568),
('stijn',571),
('stijn',573),
('stijn',574),
('stijn',575),
('stijn',577),
('stijn',581),
('stijn',586),
('stijn',587),
('stijn',592),
('stijn',593),
('stijn',595),
('stijn',596),
('stijn',599),
('stijn',601),
('stijn',603),
('stijn',604),
('stijn',605),
('stijn',613),
('stijn',618),
('stijn',628),
('stijn',629),
('stijn',631),
('stijn',632),
('stijn',640),
('stijn',641),
('stijn',644),
('stijn',647),
('stijn',652),
('stijn',653),
('stijn',656),
('stijn',660),
('stijn',661),
('stijn',664),
('stijn',670),
('stijn',671),
('stijn',672),
('stijn',677),
('stijn',679),
('stijn',681),
('stijn',686),
('stijn',692),
('stijn',696),
('stijn',697),
('stijn',700),
('stijn',706),
('stijn',712),
('stijn',714),
('stijn',717),
('stijn',730),
('stijn',736),
('stijn',745),
('stijn',746),
('stijn',747),
('stijn',748),
('stijn',750),
('stijn',754),
('stijn',760),
('stijn',763),
('stijn',766),
('stijn',772),
('stijn',776),
('stijn',777),
('stijn',778),
('stijn',790),
('stijn',791),
('stijn',793),
('stijn',794),
('stijn',798),
('stijn',808),
('stijn',812),
('stijn',816),
('stijn',818),
('stijn',819),
('stijn',830),
('stijn',836),
('stijn',837),
('stijn',840),
('stijn',842),
('stijn',843),
('stijn',847),
('stijn',849),
('stijn',850),
('stijn',854),
('stijn',856),
('stijn',860),
('stijn',867),
('stijn',872),
('stijn',874),
('stijn',876),
('stijn',881),
('stijn',884),
('stijn',887),
('stijn',892),
('stijn',897),
('stijn',899),
('stijn',901),
('stijn',903),
('stijn',904),
('stijn',909),
('stijn',913),
('stijn',914),
('stijn',916),
('stijn',920),
('stijn',922),
('stijn',924),
('stijn',926),
('stijn',928),
('stijn',930),
('stijn',931),
('stijn',932),
('stijn',935),
('stijn',939),
('stijn',941),
('stijn',943),
('stijn',949),
('stijn',953),
('stijn',954),
('stijn',964),
('stijn',969),
('stijn',970),
('stijn',971),
('stijn',987),
('stijn',992),
('stijn',995),
('stijn',998),
('stijn',1007),
('stijn',1010),
('stijn',1011),
('stijn',1014),
('stijn',1015),
('stijn',1022),
('stijn',1028),
('stijn',1034),
('stijn',1035),
('stijn',1036),
('stijn',1039),
('stijn',1049),
('stijn',1051),
('stijn',1054),
('stijn',1060),
('stijn',1061),
('stijn',1067),
('stijn',1071),
('stijn',1072),
('stijn',1089),
('stijn',1092),
('stijn',1102),
('stijn',1103),
('stijn',1104),
('stijn',1107),
('stijn',1110),
('stijn',1114),
('stijn',1115),
('stijn',1117),
('stijn',1122),
('stijn',1126),
('stijn',1129),
('stijn',1131),
('stijn',1133),
('stijn',1135),
('stijn',1164),
('stijn',1165),
('stijn',1168),
('stijn',1169),
('stijn',1170),
('stijn',1172),
('stijn',1177),
('stijn',1182),
('stijn',1184),
('stijn',1187),
('stijn',1196),
('stijn',1197),
('stijn',1198),
('stijn',1202),
('stijn',1205),
('stijn',1206),
('stijn',1210),
('stijn',1218),
('manon',869),
('manon',534),
('stijn',1070),
('mart',501),
('manon',1148),
('manon',360),
('mart',571),
('stijn',684),
('mart',748),
('manon',1073),
('manon',303),
('stijn',227),
('manon',999),
('stijn',862),
('mart',361),
('manon',1113),
('meron',332),
('meron',472),
('mart',772),
('meron',912),
('manon',474),
('stijn',828),
('stijn',576),
('manon',274),
('mart',1011),
('manon',766),
('manon',887),
('stijn',1062),
('stijn',363),
('stijn',1041),
('stijn',401),
('manon',794),
('mart',790),
('stijn',663),
('manon',570),
('manon',787),
('mart',1156),
('stijn',412),
('stijn',598),
('meron',88),
('meron',441),
('meron',868),
('manon',275),
('meron',239),
('stijn',1090),
('mart',618),
('stijn',801),
('manon',779),
('manon',533),
('mart',103),
('mart',100),
('manon',845),
('meron',352),
('manon',659),
('manon',863),
('manon',83),
('manon',1017),
('mart',553),
('stijn',1058),
('meron',407),
('stijn',486),
('manon',328),
('stijn',563),
('meron',409),
('manon',444),
('manon',928),
('mart',930),
('meron',115),
('manon',58),
('manon',485),
('mart',40),
('stijn',379),
('mart',947),
('meron',827),
('mart',770),
('mart',781),
('mart',633),
('manon',1049),
('mart',111),
('stijn',1023),
('meron',879),
('manon',41),
('manon',233),
('meron',1167),
('manon',325),
('mart',1129),
('manon',1019),
('meron',334),
('stijn',1101),
('stijn',933),
('meron',753),
('mart',265),
('stijn',1194),
('meron',910),
('meron',146),
('manon',283),
('mart',219),
('manon',318),
('mart',670),
('meron',652),
('meron',155),
('stijn',1139),
('manon',778),
('meron',459),
('meron',888),
('meron',1008),
('meron',555),
('meron',909),
('meron',248),
('mart',677),
('mart',852),
('mart',932),
('stijn',762),
('manon',218),
('manon',900),
('meron',746),
('meron',660),
('meron',1058),
('manon',931),
('mart',788),
('mart',123),
('stijn',1055),
('mart',704),
('manon',969),
('manon',173),
('mart',278),
('manon',188),
('stijn',788),
('stijn',882),
('manon',483),
('stijn',983),
('mart',55),
('manon',1060),
('manon',134),
('meron',5),
('stijn',1151),
('manon',936),
('manon',881),
('manon',1005),
('meron',778),
('stijn',1001),
('stijn',852),
('manon',190),
('manon',1083),
('mart',1205),
('meron',777),
('stijn',480),
('stijn',103),
('mart',485),
('meron',948),
('meron',291),
('stijn',857),
('stijn',891),
('stijn',588),
('mart',1155),
('manon',3),
('meron',66),
('manon',892),
('meron',1014),
('manon',1104),
('stijn',99),
('manon',660),
('meron',861),
('stijn',450),
('manon',864),
('meron',692),
('meron',288),
('manon',338),
('stijn',781),
('mart',816),
('meron',1026),
('meron',1017),
('manon',80),
('mart',713),
('manon',40),
('meron',589),
('meron',86),
('manon',1142),
('stijn',513),
('mart',416),
('mart',16),
('mart',1107),
('manon',1024),
('mart',1193),
('meron',4),
('meron',526),
('meron',1190),
('stijn',113),
('mart',181),
('meron',219),
('meron',875),
('stijn',530),
('stijn',900),
('manon',843),
('meron',339),
('meron',832),
('manon',803),
('mart',591),
('meron',907),
('mart',274),
('meron',987),
('stijn',12),
('stijn',54),
('meron',1011),
('manon',997),
('meron',246),
('stijn',811),
('meron',981),
('mart',212),
('manon',145),
('manon',348),
('stijn',809),
('meron',945),
('stijn',39),
('meron',388),
('meron',829),
('stijn',1138),
('stijn',973),
('mart',683),
('meron',556),
('meron',372),
('manon',1014),
('mart',89),
('manon',385),
('mart',138),
('meron',99),
('stijn',659),
('manon',1022),
('manon',255),
('mart',760),
('manon',958),
('meron',447),
('stijn',1191),
('stijn',773),
('stijn',1091),
('meron',721),
('manon',123),
('meron',108),
('meron',536),
('mart',1135),
('manon',68),
('meron',235),
('manon',569),
('meron',394),
('stijn',991),
('stijn',996),
('manon',867),
('meron',533),
('stijn',1069),
('stijn',705),
('meron',776),
('stijn',157),
('manon',1037),
('meron',102),
('manon',506),
('meron',748),
('mart',62),
('stijn',721),
('manon',439),
('mart',1199),
('stijn',831),
('meron',61),
('stijn',800),
('meron',715),
('mart',348),
('meron',521),
('meron',244),
('meron',821),
('mart',523),
('manon',1158),
('stijn',984),
('meron',790),
('manon',943),
('mart',1008),
('stijn',585),
('manon',719),
('manon',455),
('meron',916),
('manon',661),
('manon',949),
('mart',41),
('meron',731),
('meron',435),
('meron',889),
('stijn',356),
('manon',1061),
('meron',1133),
('mart',284),
('manon',81),
('manon',546),
('mart',525),
('meron',486),
('mart',35),
('mart',384),
('stijn',183),
('mart',737),
('meron',260),
('stijn',396),
('stijn',34),
('stijn',956),
('stijn',929),
('meron',127),
('meron',1134),
('meron',100),
('meron',718),
('meron',818),
('stijn',98),
('mart',131),
('stijn',557),
('meron',317),
('manon',597),
('meron',1166),
('manon',1154),
('stijn',31),
('meron',272),
('manon',1059),
('meron',397),
('manon',965),
('mart',696),
('mart',992),
('mart',189),
('manon',1127),
('meron',750),
('mart',944),
('meron',924),
('stijn',802),
('stijn',198),
('meron',867),
('meron',207),
('meron',637),
('manon',748),
('stijn',1005),
('stijn',256),
('manon',350),
('meron',28),
('meron',764),
('manon',916),
('mart',638),
('manon',805),
('manon',191),
('stijn',218),
('stijn',492),
('manon',1118),
('stijn',60),
('manon',926),
('meron',169),
('manon',722),
('manon',700),
('meron',47),
('meron',1169),
('manon',379),
('stijn',702),
('meron',619),
('stijn',161),
('manon',18),
('manon',586),
('manon',314),
('mart',439),
('mart',1126),
('stijn',7),
('manon',1002),
('stijn',938),
('mart',376),
('manon',234),
('mart',331),
('mart',57),
('manon',993),
('mart',920),
('manon',401),
('manon',289),
('meron',743),
('meron',1141),
('manon',893),
('mart',288),
('meron',510),
('stijn',193),
('mart',110),
('stijn',567),
('manon',568),
('mart',139),
('meron',428),
('manon',366),
('mart',839),
('manon',195),
('stijn',212),
('stijn',728),
('mart',971),
('stijn',654),
('stijn',1153),
('mart',872),
('stijn',886),
('stijn',51),
('mart',463),
('stijn',898),
('meron',936),
('manon',866),
('mart',144),
('manon',334),
('manon',1011),
('mart',728),
('meron',1078),
('stijn',495),
('manon',312),
('stijn',810),
('stijn',112),
('stijn',281),
('stijn',303),
('stijn',79),
('mart',765),
('meron',1173),
('meron',527),
('manon',807),
('meron',992),
('stijn',354),
('mart',893),
('stijn',704),
('mart',668),
('stijn',1017),
('meron',978),
('meron',1051),
('meron',760),
('meron',1130),
('meron',559),
('manon',703),
('stijn',1099),
('stijn',498),
('mart',873),
('manon',1187),
('manon',200),
('manon',26),
('mart',544),
('stijn',1019),
('meron',464),
('manon',774),
('mart',997),
('meron',969),
('meron',590),
('meron',926),
('manon',473),
('manon',595),
('manon',9),
('mart',1027),
('mart',841),
('stijn',362),
('stijn',304),
('stijn',636),
('mart',256),
('meron',1061),
('stijn',423),
('mart',771),
('stijn',1136),
('stijn',980),
('meron',522),
('mart',185),
('mart',1102),
('manon',35),
('stijn',409),
('meron',736),
('meron',1211),
('stijn',1157),
('mart',924),
('stijn',1085),
('mart',867),
('stijn',93),
('mart',1067),
('meron',1001),
('mart',744),
('meron',385),
('meron',794),
('mart',578),
('meron',23),
('stijn',225),
('manon',1052),
('meron',336),
('mart',904),
('mart',726),
('meron',60),
('mart',706),
('stijn',1119),
('mart',96),
('stijn',335),
('manon',421),
('mart',360),
('stijn',211),
('stijn',770),
('meron',259),
('manon',624),
('mart',864),
('stijn',414),
('meron',270),
('meron',245),
('mart',34),
('manon',975),
('meron',878),
('mart',652),
('meron',805),
('manon',69),
('stijn',182),
('manon',282),
('manon',1084),
('meron',182),
('stijn',312),
('manon',1025),
('meron',1181),
('meron',957),
('stijn',479),
('manon',118),
('mart',258),
('mart',520),
('manon',1070),
('meron',586),
('stijn',1105),
('mart',266),
('manon',332),
('mart',946),
('manon',749),
('mart',941),
('manon',696),
('meron',503),
('mart',602),
('stijn',531),
('manon',658),
('stijn',1057),
('meron',1203),
('manon',914),
('meron',950),
('mart',223),
('meron',577),
('meron',1125),
('manon',608),
('stijn',879),
('meron',229),
('mart',991),
('manon',1135),
('mart',339),
('stijn',865),
('manon',1095),
('meron',812),
('manon',715),
('stijn',823),
('meron',262),
('manon',677),
('manon',406),
('manon',657),
('meron',234),
('stijn',488),
('manon',1004),
('mart',146),
('stijn',17),
('mart',794),
('manon',39),
('stijn',564),
('meron',186),
('mart',156)

Insert into TRACK_ON_PLAYLIST Values
(873,77),
(762,79),
(871,97),
(665,124),
(481,61),
(41,72),
(559,29),
(735,71),
(297,86),
(1189,27),
(930,29),
(42,85),
(163,160),
(749,111),
(868,76),
(563,60),
(798,50),
(734,75),
(51,104),
(720,99),
(716,22),
(717,114),
(547,157),
(1039,6),
(38,150),
(86,128),
(245,78),
(121,15),
(1216,161),
(63,6),
(359,82),
(739,101),
(870,137),
(917,19),
(81,100),
(1052,110),
(1164,82),
(47,38),
(1028,41),
(947,28),
(424,3),
(677,137),
(911,29),
(1164,52),
(959,158),
(224,140),
(394,64),
(668,135),
(6,140),
(350,95),
(747,113),
(107,104),
(459,157),
(158,77),
(252,123),
(596,147),
(379,149),
(689,139),
(564,6),
(464,113),
(279,57),
(405,134),
(561,23),
(241,112),
(85,110),
(1019,147),
(1045,115),
(405,58),
(51,41),
(480,131),
(592,135),
(589,28),
(863,156),
(786,150),
(735,48),
(1155,80),
(163,88),
(81,116),
(571,37),
(506,137),
(547,47),
(189,66),
(310,62),
(842,64),
(587,25),
(74,4),
(1203,53),
(801,94),
(346,9),
(339,58),
(261,77),
(899,38),
(794,111),
(605,47),
(421,94),
(1004,73),
(352,23),
(229,98),
(978,64),
(142,142),
(621,42),
(326,45),
(474,154),
(1,156),
(120,111),
(274,117),
(1104,128),
(500,126),
(402,46),
(658,65),
(610,35),
(948,144),
(485,101),
(175,23),
(323,147),
(513,26),
(813,48),
(336,143),
(517,156),
(540,92),
(1135,87),
(29,129),
(972,4),
(331,64),
(733,116),
(763,68),
(350,82),
(144,119),
(1128,72),
(14,158),
(1186,123),
(923,100),
(674,142),
(1123,94),
(836,79),
(615,78),
(826,45),
(724,105),
(642,120),
(227,90),
(1176,159),
(881,81),
(638,65),
(321,15),
(180,158),
(685,156),
(628,49),
(592,84),
(519,34),
(212,11),
(981,57),
(264,141),
(1036,144),
(183,81),
(213,89),
(419,93),
(833,82),
(128,76),
(409,161),
(1104,97),
(540,34),
(42,88),
(307,153),
(1126,82),
(1115,145),
(309,91),
(702,9),
(643,161),
(835,40),
(576,111),
(969,26),
(923,139),
(459,43),
(960,36),
(901,78),
(852,25),
(1135,162),
(937,104),
(521,64),
(733,32),
(186,118),
(109,112),
(393,83),
(16,55),
(1144,81),
(1166,133),
(584,93),
(62,68),
(189,56),
(808,86),
(1111,28),
(649,69),
(766,61),
(128,148),
(396,111),
(1059,18),
(1194,77),
(1044,138),
(944,44),
(712,132),
(986,50),
(991,46),
(324,43),
(88,161),
(742,27),
(557,120),
(551,144),
(157,144),
(509,123),
(471,32),
(28,150),
(638,6),
(604,84),
(90,129),
(273,107),
(629,123),
(1039,123),
(1008,65),
(498,41),
(218,76),
(1184,51),
(734,114),
(1018,39),
(907,132),
(512,74),
(277,155),
(1186,137),
(458,52),
(1210,11),
(342,114),
(383,84),
(927,93),
(440,46),
(856,136),
(641,42),
(140,15),
(975,52),
(944,109),
(762,131),
(493,63),
(558,125),
(386,130),
(967,106),
(1053,112),
(596,43),
(125,12),
(146,68),
(227,34),
(638,102),
(245,124),
(1169,58),
(288,2),
(528,86),
(980,13),
(182,37),
(490,64),
(66,66),
(191,140),
(143,63),
(392,33),
(84,37),
(557,27),
(1201,46),
(704,64),
(1084,132),
(1201,148),
(1168,136),
(809,61),
(706,1),
(950,81),
(55,48),
(885,151),
(268,40),
(652,126),
(386,63),
(1197,119),
(358,70),
(1070,45),
(1120,144),
(156,119),
(694,156),
(354,150),
(283,152),
(1196,102),
(271,2),
(776,158),
(800,46),
(40,45),
(339,72),
(157,65),
(1134,13),
(311,7),
(29,125),
(205,45),
(490,88),
(722,94),
(585,89),
(1202,59),
(1056,144),
(953,66),
(629,68),
(734,155),
(586,162),
(781,52),
(702,34),
(772,67),
(677,95),
(669,153),
(740,12),
(1189,154),
(805,96),
(402,155),
(36,49),
(213,79),
(706,37),
(660,47),
(329,69),
(548,142),
(216,57),
(689,52),
(483,148),
(1017,6),
(631,91),
(1071,103),
(951,29),
(483,11),
(201,97),
(99,106),
(108,79),
(972,66),
(248,134),
(559,72),
(158,126),
(484,104),
(1014,157),
(593,73),
(302,77),
(727,135),
(565,103),
(151,4),
(1137,75),
(208,77),
(68,46),
(476,157),
(1172,21),
(790,116),
(77,4),
(669,53),
(360,95),
(318,145),
(24,32),
(770,73),
(784,159),
(677,11),
(241,105),
(529,51),
(1152,127),
(507,77),
(126,5),
(259,20),
(1102,36),
(242,46),
(805,23),
(1118,140),
(459,150),
(431,86),
(12,29),
(769,154),
(630,98),
(661,29),
(61,38),
(1199,38),
(1076,77),
(722,151),
(609,49),
(723,10),
(1161,133),
(778,97),
(120,155),
(1111,142),
(555,90),
(783,5),
(580,62),
(26,51),
(844,29),
(142,66),
(798,27),
(1140,75),
(113,45),
(1184,72),
(734,44),
(384,138),
(255,72),
(1059,42),
(930,157),
(53,12),
(1096,45),
(389,91),
(586,49),
(736,69),
(1202,92),
(1089,16),
(1201,28),
(1218,65),
(298,14),
(1022,133),
(433,117),
(141,102),
(238,34),
(200,24),
(1104,141),
(616,67),
(830,34),
(983,18),
(374,110),
(695,116),
(999,84),
(576,17),
(1167,119),
(99,155),
(805,89),
(580,46),
(514,31),
(809,68),
(1045,151),
(797,136),
(377,12),
(1212,2),
(1115,28),
(1027,133),
(198,149),
(1151,57),
(158,130),
(707,14),
(332,103),
(769,66),
(631,23),
(937,103),
(802,27),
(980,162),
(1210,159),
(187,39),
(881,22),
(639,129),
(199,38),
(908,137),
(515,26),
(856,95),
(823,12),
(429,128),
(824,77),
(49,17),
(253,106),
(933,81),
(206,148),
(249,7),
(1170,114),
(611,140),
(286,115),
(13,23),
(546,40),
(159,12),
(1059,24),
(97,33),
(410,41),
(812,138),
(843,138),
(404,145),
(1161,18),
(804,146),
(825,103),
(1093,50),
(1133,105),
(295,44),
(988,46),
(718,126),
(1131,84),
(478,79),
(311,47),
(110,77),
(905,76),
(286,160),
(970,155),
(1086,5),
(1070,12),
(51,80),
(688,88),
(577,72),
(787,75),
(787,26),
(528,154),
(804,35),
(121,14),
(1136,38),
(1053,123),
(648,6),
(644,83),
(164,28),
(1120,43),
(1091,56),
(260,109),
(181,71),
(108,89),
(711,147),
(1087,142),
(192,115),
(576,16),
(300,127),
(272,147),
(204,4),
(94,67),
(1128,44),
(673,89),
(1005,96),
(1156,96),
(415,104),
(485,123),
(1141,21),
(63,32),
(148,116),
(478,81),
(223,32),
(86,149),
(923,29),
(278,79),
(1066,163),
(20,68),
(214,142),
(927,140),
(85,114),
(874,85),
(413,38),
(362,29),
(799,83),
(629,121),
(317,71),
(1092,113),
(364,68),
(416,130),
(727,32),
(879,76),
(228,62),
(1082,46),
(220,150),
(1188,53),
(797,113),
(282,152),
(198,138),
(485,14),
(408,110),
(559,100),
(478,4),
(682,131),
(1184,159),
(475,32),
(1048,124),
(843,54),
(184,126),
(559,71),
(595,29),
(1116,71),
(1177,13),
(1112,159),
(850,93),
(490,25),
(332,123),
(382,49),
(441,56),
(176,120),
(998,136),
(1196,134),
(97,97),
(1183,130),
(170,144),
(598,44),
(953,162),
(418,55),
(1069,25),
(215,130),
(565,151),
(579,53),
(505,130),
(544,68),
(531,141),
(337,67),
(661,81),
(537,85),
(554,97),
(323,6),
(488,140),
(990,144),
(821,116),
(249,102),
(1184,106),
(419,38),
(158,16),
(713,4),
(782,147),
(171,5),
(320,130),
(287,13),
(577,23),
(890,157),
(987,112),
(531,38),
(649,60),
(703,63),
(965,71),
(1217,73),
(888,18),
(551,122),
(658,14),
(324,153),
(160,29),
(195,63),
(544,130),
(693,112),
(787,44),
(566,88),
(424,99),
(993,138),
(127,86),
(1073,111),
(242,90),
(616,65),
(733,17),
(969,3),
(70,86),
(874,65),
(1186,114),
(8,51),
(870,121),
(322,137),
(1130,90),
(346,82),
(162,63),
(531,85),
(529,20),
(1004,10),
(731,82),
(611,3),
(395,38),
(18,77),
(1046,88),
(807,32),
(197,88),
(221,154),
(1118,128),
(151,19),
(80,86),
(32,131),
(750,48),
(884,35),
(22,84),
(603,62),
(956,4),
(1119,93),
(1081,125),
(1130,13),
(646,37),
(722,155),
(142,96),
(665,22),
(318,141),
(1166,45),
(328,129),
(104,151),
(910,35),
(527,41),
(1211,1),
(148,58),
(1089,42),
(51,9),
(370,67),
(1063,60),
(204,115),
(224,104),
(452,4),
(552,91),
(890,94),
(785,130),
(136,121),
(556,2),
(876,106),
(909,145),
(1217,2),
(654,1),
(1090,42),
(1061,149),
(643,68),
(1087,147),
(83,53),
(344,32),
(331,14),
(644,90),
(50,85),
(672,34),
(533,83),
(490,102),
(197,27),
(358,83),
(392,85),
(256,83),
(1045,97),
(588,34),
(1013,8),
(824,62),
(48,131),
(876,10),
(684,27),
(1002,94),
(126,46),
(584,71),
(175,13),
(250,46),
(127,150),
(385,41),
(615,162),
(271,137),
(112,106),
(521,47),
(991,64),
(31,126),
(90,58),
(137,71),
(182,77),
(204,66),
(368,127),
(244,161),
(1001,26),
(1097,102),
(618,97),
(104,141),
(94,46),
(419,118),
(759,86),
(490,111),
(643,102),
(345,67),
(1051,12),
(1073,53),
(1181,55),
(304,122),
(830,27),
(1182,88),
(909,45),
(248,88),
(299,82),
(714,111),
(983,144),
(949,152),
(954,59),
(169,153),
(994,109),
(713,105),
(821,65),
(700,47),
(210,48),
(138,113),
(873,71),
(1185,4),
(713,5),
(571,146),
(1021,20),
(185,113),
(343,134),
(1170,41),
(220,92),
(1072,78),
(149,57),
(1209,32),
(735,151),
(535,42),
(283,162),
(565,99),
(220,163),
(431,113),
(273,80),
(120,151),
(599,80),
(748,29),
(829,34),
(502,149),
(562,50),
(1093,39),
(760,63),
(784,150),
(336,10),
(2,127),
(364,7),
(382,96),
(468,151),
(842,57),
(252,108),
(437,126),
(1025,86),
(263,146),
(359,3),
(385,23),
(936,33),
(988,123),
(1056,109),
(1067,96),
(554,36),
(889,138),
(1151,133),
(12,84),
(989,146),
(156,92),
(478,132),
(813,151),
(466,53),
(1162,48),
(337,14),
(627,105),
(779,61),
(1183,81),
(1069,155),
(1115,63),
(500,78),
(522,137),
(754,85),
(231,162),
(414,112),
(985,161),
(808,115),
(389,72),
(29,46),
(1086,25),
(317,25),
(503,117),
(856,12),
(1094,163),
(986,162),
(111,60),
(792,6),
(335,32),
(735,26),
(115,146),
(268,156),
(110,96),
(1217,141),
(72,38),
(659,60),
(490,148),
(1049,107),
(659,108),
(555,139),
(314,70),
(474,134),
(387,27),
(947,104),
(1170,145),
(640,40),
(745,45),
(702,33),
(600,88),
(842,44),
(525,152),
(621,160),
(901,98),
(940,10),
(274,130),
(585,72),
(192,80),
(467,65),
(972,128),
(267,143),
(196,50),
(831,108),
(117,9),
(842,48),
(153,141),
(376,25),
(828,57),
(1051,99),
(702,143),
(415,54),
(503,130),
(1011,76),
(442,119),
(541,154),
(1019,57),
(867,131),
(784,126),
(313,103),
(808,76),
(788,3),
(1136,13),
(171,76),
(621,124),
(774,93),
(1188,127),
(982,54),
(264,77),
(412,65),
(240,30),
(969,64),
(644,82),
(524,98),
(517,154),
(8,102),
(260,132),
(370,83),
(1060,30),
(39,137),
(421,14),
(361,55),
(1128,64),
(686,71),
(1182,10),
(730,99),
(195,106),
(185,134),
(214,56),
(944,54),
(239,159),
(981,59),
(362,154),
(710,18),
(1131,114),
(160,109),
(1004,105),
(22,162),
(782,122),
(532,72),
(1142,87),
(1145,141),
(409,143),
(285,107),
(591,92),
(508,9),
(218,43),
(167,8),
(807,31),
(1189,144),
(763,124),
(17,102),
(453,64),
(1048,36),
(1097,1),
(285,157),
(459,21),
(529,6),
(195,34),
(499,86),
(647,25),
(968,2),
(607,162),
(4,105),
(1039,98),
(872,141),
(352,33),
(457,91),
(9,130),
(647,38),
(143,82),
(479,116),
(1181,114),
(914,143),
(477,51),
(910,23),
(403,6),
(981,106),
(1034,95),
(684,40),
(589,102),
(1013,85),
(643,25),
(521,156),
(693,152),
(987,83),
(740,58),
(1136,54),
(946,113),
(460,115),
(727,67),
(661,85),
(527,119),
(985,106),
(1114,31),
(1023,114),
(75,68),
(1006,16),
(8,126),
(987,34),
(1046,123),
(1162,85),
(424,2),
(358,62),
(919,53),
(479,53),
(985,81),
(950,20),
(715,69),
(201,17),
(283,79),
(716,113),
(791,105),
(604,108)
Insert into TRACK_ON_PLAYLIST Values
(744,5),
(898,94),
(1158,31),
(5,29),
(173,133),
(1121,22),
(1036,45),
(41,147),
(844,79),
(227,56),
(19,109),
(662,152),
(916,106),
(599,10),
(374,139),
(331,97),
(901,75),
(351,91),
(180,149),
(1069,98),
(588,45),
(854,83),
(459,38),
(800,98),
(64,101),
(999,14),
(180,134),
(1108,73),
(829,52),
(53,51),
(745,138),
(430,103),
(1013,69),
(441,163),
(965,129),
(1170,133),
(142,29),
(358,122),
(595,134),
(21,158),
(151,75),
(109,23),
(514,106),
(584,47),
(125,23),
(781,123),
(616,147),
(907,24),
(833,24),
(796,36),
(848,72),
(1023,5),
(334,116),
(613,110),
(509,103),
(433,139),
(1077,96),
(495,38),
(1135,16),
(916,63),
(798,125),
(215,73),
(349,81),
(1008,59),
(742,107),
(1197,136),
(824,82),
(452,51),
(914,139),
(73,128),
(563,58),
(196,6),
(608,3),
(346,24),
(306,122),
(873,99),
(864,18),
(576,131),
(385,88),
(36,141),
(301,49),
(204,54),
(1190,57),
(82,37),
(138,95),
(702,38),
(138,18),
(263,143),
(1218,148),
(96,46),
(159,74),
(674,118),
(1,75),
(203,35),
(589,79),
(756,29),
(168,17),
(1107,161),
(317,159),
(180,46),
(614,65),
(1184,80),
(220,157),
(946,93),
(204,116),
(849,1),
(341,8),
(308,21),
(875,96),
(437,139),
(1063,123),
(918,16),
(299,68),
(1036,15),
(748,11),
(966,74),
(533,132),
(866,69),
(765,120),
(766,57),
(498,107),
(1162,152),
(91,125),
(227,72),
(1181,68),
(1182,55),
(687,74),
(987,74),
(1004,68),
(314,133),
(1173,3),
(30,152),
(97,134),
(979,54),
(52,53),
(265,52),
(723,78),
(1124,8),
(108,88),
(1106,104),
(398,93),
(1088,90),
(393,14),
(1144,18),
(817,18),
(707,90),
(765,79),
(604,35),
(125,158),
(1107,68),
(1094,22),
(366,1),
(1058,134),
(823,103),
(503,72),
(1059,89),
(374,45),
(1,36),
(1198,3),
(576,138),
(653,141),
(389,85),
(619,136),
(823,125),
(178,110),
(1077,134),
(1158,95),
(1007,118),
(1167,32),
(1007,49),
(161,142),
(859,11),
(707,20),
(416,104),
(188,40),
(521,157),
(481,6),
(710,22),
(14,159),
(671,51),
(277,108),
(458,25),
(118,16),
(878,81),
(282,56),
(82,140),
(750,145),
(740,53),
(835,145),
(844,39),
(936,89),
(560,69),
(1129,45),
(476,160),
(950,130),
(321,135),
(265,150),
(943,4),
(346,86),
(177,114),
(1020,137),
(792,67),
(796,86),
(1173,107),
(195,157),
(127,127),
(1118,144),
(447,123),
(1159,47),
(643,99),
(1217,63),
(197,120),
(1114,147),
(1019,4),
(1094,140),
(950,25),
(1010,76),
(636,75),
(1125,28),
(429,89),
(348,54),
(316,132),
(1001,146),
(771,114),
(1087,129),
(5,105),
(831,122),
(161,91),
(928,10),
(255,24),
(699,80),
(95,44),
(1044,163),
(138,98),
(1107,157),
(1091,24),
(457,1),
(1149,150),
(438,99),
(638,144),
(777,125),
(666,154),
(23,95),
(1142,150),
(1176,138),
(1131,6),
(989,138),
(1060,67),
(216,84),
(529,150),
(535,143),
(342,99),
(540,160),
(1006,42),
(272,63),
(725,143),
(474,19),
(759,83),
(732,161),
(24,146),
(335,83),
(587,154),
(249,95),
(568,137),
(566,133),
(1184,36),
(1216,3),
(1064,15),
(1153,4),
(115,73),
(1103,134),
(232,104),
(182,83),
(192,118),
(1094,66),
(946,17),
(1131,26),
(651,158),
(980,31),
(909,57),
(689,140),
(732,2),
(664,144),
(36,86),
(260,22),
(984,57),
(875,37),
(405,143),
(455,4),
(529,124),
(370,8),
(217,158),
(362,88),
(847,79),
(368,105),
(953,112),
(75,89),
(1202,64),
(78,114),
(1165,71),
(1177,22),
(1101,129),
(394,151),
(366,111),
(544,139),
(194,35),
(541,74),
(960,116),
(50,39),
(913,83),
(75,145),
(431,132),
(307,19),
(873,1),
(355,16),
(1175,13),
(87,14),
(330,73),
(1178,79),
(1121,38),
(266,25),
(637,67),
(39,153),
(801,25),
(1071,135),
(421,123),
(914,31),
(931,93),
(59,68),
(728,35),
(864,49),
(1175,132),
(619,115),
(157,75),
(262,67),
(645,141),
(139,115),
(601,132),
(35,109),
(605,7),
(418,138),
(1140,91),
(529,75),
(1161,30),
(97,19),
(979,58),
(446,38),
(75,14),
(415,94),
(900,30),
(103,80),
(677,145),
(882,132),
(587,3),
(322,9),
(872,71),
(741,89),
(1205,81),
(284,115),
(735,98),
(480,76),
(912,38),
(546,8),
(403,68),
(150,42),
(581,148),
(1086,55),
(914,101),
(567,106),
(806,126),
(650,25),
(673,139),
(276,61),
(828,141),
(965,116),
(994,107),
(433,93),
(240,153),
(266,37),
(565,41),
(285,51),
(532,30),
(815,69),
(195,67),
(471,20),
(468,117),
(508,13),
(946,80),
(431,3),
(238,39),
(450,139),
(169,120),
(342,57),
(152,67),
(1129,71),
(406,13),
(733,55),
(429,145),
(896,1),
(297,146),
(506,155),
(1002,64),
(826,64),
(135,21),
(676,150),
(20,50),
(50,153),
(249,62),
(846,13),
(565,30),
(110,22),
(1125,142),
(356,157),
(200,162),
(233,37),
(64,35),
(650,129),
(181,63),
(716,106),
(476,151),
(925,115),
(344,31),
(853,22),
(228,153),
(1036,118),
(76,96),
(1084,65),
(615,62),
(1077,90),
(956,18),
(1078,36),
(400,51),
(343,82),
(747,139),
(355,47),
(566,157),
(824,70),
(551,1),
(314,94),
(1037,80),
(724,43),
(138,55),
(589,86),
(817,130),
(160,69),
(820,94),
(1203,2),
(893,3),
(431,25),
(254,159),
(4,48),
(486,47),
(321,16),
(970,64),
(47,67),
(913,89),
(804,149),
(335,92),
(790,13),
(275,153),
(1182,110),
(535,152),
(461,145),
(657,122),
(1141,76),
(759,9),
(558,87),
(225,67),
(1103,3),
(401,3),
(1193,155),
(199,161),
(1153,128),
(412,141),
(569,59),
(768,10),
(109,82),
(440,1),
(1128,102),
(513,104),
(221,70),
(192,124),
(665,25),
(194,128),
(1212,61),
(6,88),
(653,139),
(333,149),
(10,157),
(943,33),
(507,107),
(1039,71),
(1085,106),
(1182,114),
(20,58),
(875,17),
(1026,112),
(856,20),
(149,82),
(88,102),
(1166,89),
(932,59),
(1144,98),
(641,102),
(1197,80),
(1109,9),
(63,26),
(102,42),
(1096,90),
(615,18),
(34,4),
(468,66),
(763,21),
(1150,120),
(196,161),
(403,12),
(773,48),
(923,52),
(306,139),
(602,67),
(977,50),
(787,155),
(490,93),
(1147,53),
(376,151),
(1173,116),
(1017,134),
(394,11),
(779,57),
(461,9),
(658,68),
(716,129),
(233,134),
(476,58),
(380,13),
(1094,93),
(50,148),
(1173,56),
(415,48),
(926,150),
(870,4),
(949,33),
(498,161),
(866,105),
(902,38),
(233,138),
(499,113),
(382,5),
(192,81),
(829,112),
(491,37),
(380,74),
(569,155),
(805,36),
(1216,69),
(490,36),
(547,55),
(819,81),
(62,33),
(58,117),
(229,31),
(158,73),
(579,36),
(403,67),
(290,159),
(530,19),
(954,80),
(22,60),
(1008,153),
(861,162),
(1019,45),
(1181,42),
(1054,133),
(1187,115),
(808,25),
(745,129),
(248,80),
(187,81),
(839,123),
(716,16),
(1085,83),
(685,39),
(531,20),
(667,158),
(1169,44),
(475,97),
(25,55),
(691,108),
(1003,58),
(256,103),
(486,117),
(654,127),
(749,119),
(488,117),
(563,54),
(908,146),
(552,130),
(408,130),
(1075,8),
(17,26),
(883,81),
(216,109),
(576,58),
(537,104),
(475,1),
(946,43),
(1054,73),
(941,132),
(278,18),
(485,159),
(591,24),
(885,97),
(1118,43),
(999,119),
(1189,102),
(124,121),
(1033,121),
(731,71),
(1146,102),
(932,99),
(83,47),
(496,10),
(778,163),
(316,68),
(693,138),
(846,15),
(403,107),
(401,55),
(86,148),
(1008,79),
(1160,136),
(742,44),
(890,124),
(69,22),
(1146,145),
(1064,85),
(33,98),
(343,48),
(288,34),
(301,47),
(719,133),
(718,116),
(1044,57),
(41,35),
(493,46),
(198,140),
(187,77),
(79,20),
(1066,92),
(1103,148),
(260,67),
(1169,102),
(453,75),
(87,76),
(530,141),
(949,13),
(261,43),
(659,16),
(633,88),
(623,76),
(886,107),
(580,129),
(1104,32),
(337,102),
(138,155),
(1077,157),
(703,117),
(735,87),
(339,27),
(1022,41),
(431,134),
(606,118),
(1035,107),
(911,160),
(115,77),
(608,135),
(170,132),
(393,19),
(295,108),
(899,118),
(102,141),
(418,132),
(324,50),
(118,115),
(703,144),
(108,71),
(272,133),
(993,132),
(244,9),
(935,86),
(99,120),
(266,40),
(570,8),
(806,104),
(365,75),
(1075,69),
(708,47),
(1183,98),
(1115,60),
(176,50),
(917,12),
(706,128),
(196,80),
(332,97),
(362,71),
(724,158),
(229,44),
(850,159),
(60,133),
(708,18),
(133,43),
(269,9),
(546,98),
(330,163),
(1054,29),
(734,38),
(518,21),
(770,47),
(573,34),
(627,50),
(134,92),
(1192,58),
(276,49),
(1057,91),
(983,57),
(145,93),
(694,52),
(1024,26),
(944,112),
(843,7),
(678,86),
(217,87),
(332,121),
(31,95),
(745,25),
(669,3),
(850,63),
(978,119),
(177,46),
(424,142),
(1074,14),
(874,128),
(823,106),
(586,126),
(804,23),
(1163,17),
(1166,100),
(1177,9),
(411,138),
(49,27),
(946,160),
(442,151),
(779,142),
(777,88),
(214,145),
(938,118),
(1122,33),
(951,114),
(376,87),
(94,21),
(417,94),
(852,158),
(625,127),
(643,151),
(78,145),
(399,52),
(1202,127),
(1045,160),
(655,101),
(442,20),
(273,109),
(1057,150),
(884,95),
(937,10),
(63,28),
(838,37),
(1047,73),
(907,75),
(387,136),
(382,70),
(534,21),
(221,63),
(1178,43),
(790,12),
(189,94),
(747,17),
(388,14),
(430,116),
(13,3),
(1139,114),
(979,78),
(802,114),
(698,19),
(641,87),
(1160,8),
(1203,107),
(1028,25),
(585,134),
(251,31),
(189,62),
(163,100),
(4,38),
(1045,17),
(491,116),
(490,146),
(510,100),
(395,28),
(219,103),
(1010,21),
(669,68),
(794,137),
(1082,126),
(1194,71),
(316,3),
(261,146),
(756,157),
(322,27),
(969,137),
(119,133),
(913,50),
(522,159),
(937,97),
(915,145),
(352,120),
(501,75),
(535,12),
(221,123),
(647,148),
(457,53),
(429,7),
(571,52),
(723,162),
(80,21),
(885,31),
(154,23),
(1020,129),
(810,74),
(752,73),
(1028,100),
(1167,72),
(351,41),
(595,143),
(857,92),
(43,63),
(66,1),
(1141,9),
(1215,95),
(689,95),
(1111,109),
(932,133),
(937,151),
(1036,18),
(918,6),
(364,4),
(438,120),
(62,36),
(255,124),
(423,112),
(371,126),
(1021,157),
(1199,33),
(1029,20),
(1139,124),
(1053,159),
(1027,120),
(826,30),
(997,72),
(635,84),
(107,156),
(121,140),
(882,65),
(829,116),
(775,13),
(338,163),
(966,139),
(381,158),
(412,43),
(36,8),
(134,114),
(116,27),
(1016,62),
(462,67),
(271,121),
(996,156),
(689,110),
(102,87),
(690,163),
(633,132),
(841,33),
(594,16),
(338,159),
(965,49),
(727,112),
(1031,126),
(947,94),
(1117,24),
(721,54),
(1026,120),
(801,10),
(491,85),
(1161,66),
(729,120),
(854,80),
(524,138),
(614,7),
(7,79),
(721,77),
(626,121),
(67,7),
(987,50),
(1136,101),
(449,143),
(1194,48),
(448,9),
(214,50),
(103,143),
(837,80),
(657,160),
(932,132),
(1172,3),
(1086,81),
(1078,154),
(767,156),
(653,153),
(968,108),
(103,94),
(508,136),
(195,133),
(65,7),
(712,87),
(409,34),
(313,2),
(7,69),
(983,70),
(648,110),
(397,104),
(778,95),
(1017,155),
(1189,69),
(882,103),
(400,116),
(1177,158),
(1007,149),
(236,33),
(820,2),
(807,24),
(768,123),
(57,78),
(831,15),
(726,105),
(564,28),
(65,142),
(42,34),
(724,65),
(340,128),
(945,72),
(514,2),
(985,1),
(707,155),
(430,91),
(1116,98),
(460,126),
(367,99),
(926,36),
(208,38),
(106,64),
(1174,148),
(241,99),
(288,123),
(825,145),
(555,97),
(491,58),
(818,157),
(596,104),
(80,90),
(849,112),
(621,96),
(1088,134),
(116,126),
(174,74),
(104,2),
(986,131),
(247,18),
(536,158),
(703,33),
(528,54),
(1101,5),
(1062,20),
(173,96),
(991,115),
(1105,22),
(710,111),
(183,66),
(261,155),
(1015,59),
(356,136),
(358,120),
(933,86),
(381,34),
(465,8)
Insert into TRACK_ON_PLAYLIST Values
(682,7),
(168,19),
(819,39),
(232,117),
(822,129),
(1156,6),
(507,38),
(1046,56),
(223,78),
(662,135),
(378,111),
(1035,61),
(494,106),
(398,45),
(333,56),
(909,73),
(440,31),
(667,151),
(952,90),
(1011,132),
(234,153),
(850,8),
(423,58),
(256,149),
(1198,77),
(969,131),
(389,67),
(740,48),
(975,145),
(85,87),
(367,58),
(901,122),
(895,23),
(484,107),
(1173,22),
(234,11),
(923,140),
(826,6),
(857,146),
(763,32),
(175,124),
(531,16),
(445,80),
(1078,66),
(166,114),
(755,43),
(1181,53),
(1083,101),
(591,1),
(500,34),
(419,40),
(700,100),
(455,7),
(993,130),
(308,138),
(1031,12),
(274,3),
(351,4),
(1033,132),
(316,157),
(108,51),
(913,47),
(228,131),
(977,17),
(689,45),
(787,33),
(1101,85),
(358,86),
(837,115),
(199,156),
(865,38),
(611,137),
(13,117),
(1192,49),
(615,108),
(1045,15),
(1066,60),
(563,151),
(1179,77),
(432,59),
(1063,142),
(475,10),
(1042,84),
(148,14),
(376,147),
(775,82),
(1192,18),
(737,101),
(229,151),
(570,93),
(43,150),
(1115,103),
(530,7),
(53,156),
(1207,133),
(1204,148),
(575,9),
(397,46),
(954,108),
(601,104),
(502,64),
(848,61),
(1157,152),
(10,30),
(167,65),
(1001,125),
(796,20),
(34,49),
(166,1),
(1034,64),
(306,79),
(658,161),
(665,29),
(186,91),
(779,11),
(831,160),
(1015,70),
(853,25),
(490,31),
(961,55),
(1157,90),
(820,42),
(523,159),
(137,92),
(366,115),
(374,158),
(342,95),
(786,126),
(632,126),
(938,130),
(1008,107),
(261,81),
(512,46),
(701,118),
(989,125),
(311,62),
(923,159),
(397,157),
(432,110),
(727,131),
(301,104),
(320,111),
(913,21),
(514,101),
(241,34),
(550,154),
(422,19),
(1097,58),
(201,74),
(672,4),
(444,25),
(60,106),
(1036,67),
(726,126),
(129,120),
(824,32),
(828,99),
(213,81),
(684,58),
(581,52),
(1166,153),
(186,112),
(481,131),
(1083,86),
(173,54),
(80,79),
(901,141),
(12,69),
(1063,113),
(1164,26),
(874,64),
(735,92),
(843,119),
(538,40),
(726,79),
(270,58),
(467,32),
(1022,44),
(599,46),
(721,16),
(187,107),
(490,82),
(1004,157),
(885,79),
(688,94),
(975,90),
(838,155),
(1012,87),
(237,161),
(347,42),
(165,87),
(606,148),
(895,48),
(649,10),
(156,91),
(769,84),
(1137,110),
(688,131),
(472,117),
(300,133),
(928,103),
(575,10),
(1212,79),
(132,81),
(1160,37),
(212,24),
(149,97),
(682,73),
(1145,93),
(1125,80),
(543,7),
(1115,41),
(711,111),
(227,53),
(1048,111),
(972,160),
(1165,44),
(976,38),
(173,123),
(261,120),
(258,106),
(1013,35),
(168,27),
(858,42),
(498,26),
(899,72),
(805,144),
(879,37),
(659,118),
(266,153),
(416,126),
(937,142),
(801,146),
(950,160),
(1106,41),
(637,111),
(528,55),
(925,30),
(354,110),
(674,20),
(342,133),
(838,152),
(1076,86),
(564,18),
(539,8),
(521,37),
(728,44),
(822,73),
(942,8),
(485,87),
(154,73),
(614,123),
(550,91),
(634,59),
(130,102),
(475,50),
(1012,162),
(679,58),
(1162,163),
(869,77),
(463,42),
(1171,56),
(664,140),
(313,66),
(226,158),
(700,103),
(396,114),
(870,140),
(1128,111),
(666,12),
(721,65),
(506,23),
(269,81),
(368,38),
(330,114),
(943,133),
(571,113),
(691,16),
(1164,71),
(989,160),
(911,54),
(743,107),
(761,162),
(884,136),
(1082,17),
(1021,143),
(64,135),
(1080,42),
(1066,73),
(608,70),
(1137,71),
(916,147),
(504,42),
(993,136),
(564,132),
(583,92),
(362,11),
(10,83),
(53,10),
(1043,146),
(507,62),
(142,50),
(498,38),
(779,163),
(457,113),
(895,119),
(426,139),
(629,124),
(294,73),
(886,127),
(696,3),
(374,157),
(1144,47),
(388,71),
(828,2),
(16,93),
(535,62),
(138,15),
(997,128),
(146,2),
(40,119),
(1023,63),
(294,148),
(174,97),
(1155,77),
(1137,54),
(1056,38),
(438,50),
(970,119),
(776,35),
(199,61),
(855,36),
(310,5),
(362,46),
(452,14),
(879,36),
(825,69),
(855,90),
(912,50),
(64,61),
(1202,160),
(411,80),
(1095,38),
(608,17),
(369,104),
(465,67),
(1088,156),
(53,95),
(885,88),
(233,45),
(887,48),
(302,161),
(498,64),
(247,39),
(400,72),
(162,91),
(395,50),
(86,113),
(1040,103),
(1109,34),
(429,65),
(906,114),
(833,151),
(1117,111),
(649,156),
(698,43),
(894,82),
(1151,7),
(629,83),
(84,139),
(690,48),
(688,37),
(918,21),
(1013,42),
(7,1),
(1072,125),
(878,39),
(1086,130),
(856,54),
(476,76),
(127,53),
(207,143),
(628,161),
(166,128),
(2,119),
(354,15),
(657,34),
(763,135),
(44,98),
(263,27),
(1106,38),
(1052,87),
(838,163),
(434,109),
(137,57),
(535,63),
(658,34),
(768,73),
(182,138),
(954,112),
(399,56),
(456,67),
(131,96),
(29,54),
(1144,100),
(1103,75),
(459,128),
(152,53),
(90,42),
(489,99),
(976,133),
(49,72),
(985,116),
(200,61),
(182,18),
(472,133),
(176,74),
(274,161),
(1089,103),
(1082,73),
(965,9),
(64,157),
(1196,2),
(376,138),
(262,32),
(469,121),
(819,28),
(679,45),
(1050,59),
(402,82),
(24,66),
(925,95),
(363,107),
(490,85),
(994,100),
(1065,101),
(168,94),
(670,91),
(643,108),
(388,70),
(985,22),
(830,145),
(394,123),
(91,8),
(712,156),
(476,63),
(2,39),
(187,47),
(54,40),
(865,7),
(601,153),
(775,141),
(706,33),
(752,67),
(56,57),
(705,102),
(352,87),
(794,11),
(959,3),
(304,159),
(43,42),
(184,138),
(926,74),
(310,54),
(298,87),
(561,163),
(395,158),
(385,100),
(64,120),
(676,17),
(568,83),
(270,127),
(509,61),
(634,86),
(758,121),
(1214,135),
(56,82),
(642,14),
(372,32),
(268,93),
(400,74),
(183,104),
(162,56),
(477,112),
(352,150),
(1095,67),
(755,89),
(775,6),
(779,78),
(1088,113),
(374,26),
(1168,157),
(1098,141),
(995,131),
(740,29),
(827,112),
(415,11),
(1201,55),
(207,54),
(1053,130),
(324,107),
(1175,156),
(661,82),
(1016,73),
(633,90),
(588,40),
(472,141),
(790,126),
(97,105),
(717,145),
(715,55),
(783,116),
(125,15),
(917,99),
(799,71),
(688,23),
(707,61),
(466,150),
(1150,38),
(317,147),
(722,17),
(786,59),
(738,147),
(1111,111),
(587,68),
(31,104),
(584,24),
(334,159),
(813,2),
(844,37),
(1178,77),
(926,161),
(1100,111),
(618,44),
(805,15),
(948,142),
(145,46),
(735,118),
(755,159),
(582,132),
(232,153),
(619,59),
(810,139),
(155,54),
(531,65),
(246,161),
(380,31),
(13,129),
(1196,120),
(370,119),
(741,72),
(65,37),
(661,161),
(349,132),
(947,16),
(327,79),
(911,26),
(435,6),
(51,137),
(1185,124),
(659,148),
(953,65),
(826,111),
(961,57),
(884,107),
(904,94),
(595,10),
(1028,137),
(1159,94),
(908,52),
(79,124),
(1115,92),
(864,9),
(346,57),
(398,103),
(115,137),
(780,21),
(243,48),
(1113,87),
(144,93),
(1047,68),
(1099,146),
(218,81),
(539,137),
(542,40),
(287,95),
(509,5),
(157,121),
(394,146),
(284,41),
(686,101),
(895,83),
(334,144),
(524,53),
(233,147),
(257,123),
(40,16),
(556,8),
(281,65),
(193,102),
(147,92),
(1106,78),
(1171,154),
(1204,15),
(972,50),
(304,13),
(644,103),
(302,26),
(286,140),
(792,46),
(603,136),
(201,150),
(156,73),
(1048,108),
(130,163),
(610,83),
(681,158),
(1110,105),
(1037,69),
(457,145),
(1194,65),
(189,32),
(258,63),
(339,121),
(1147,92),
(679,146),
(514,151),
(1091,122),
(175,4),
(1140,131),
(1004,117),
(656,152),
(135,81),
(167,70),
(570,54),
(247,116),
(1149,104),
(140,21),
(594,147),
(1101,77),
(635,5),
(426,105),
(25,109),
(255,20),
(880,5),
(413,12),
(436,89),
(896,113),
(157,117),
(884,105),
(707,86),
(1056,32),
(1090,52),
(191,86),
(1155,114),
(1197,115),
(18,121),
(492,44),
(1060,76),
(207,22),
(633,107),
(928,99),
(176,137),
(1127,46),
(980,53),
(170,80),
(952,102),
(232,93),
(979,81),
(25,45),
(188,127),
(381,151),
(853,153),
(1212,25),
(225,125),
(257,70),
(1119,5),
(1120,67),
(946,58),
(820,32),
(858,150),
(798,100),
(624,30),
(351,161),
(105,82),
(861,143),
(1171,10),
(24,61),
(640,110),
(248,31),
(875,94),
(381,144),
(101,79),
(358,40),
(1211,3),
(176,69),
(749,72),
(749,82),
(141,108),
(445,112),
(801,93),
(538,47),
(1067,118),
(955,156),
(74,86),
(14,106),
(1174,37),
(849,10),
(670,77),
(964,138),
(114,61),
(648,47),
(952,26),
(548,50),
(904,8),
(1071,62),
(918,2),
(228,100),
(1150,142),
(139,142),
(667,160),
(713,87),
(201,100),
(32,66),
(1207,137),
(991,116),
(361,52),
(396,109),
(494,132),
(482,148),
(1127,116),
(963,152),
(264,7),
(1153,51),
(545,24),
(983,69),
(320,86),
(32,63),
(343,105),
(331,153),
(260,143),
(540,14),
(132,155),
(710,132),
(439,150),
(504,13),
(716,153),
(993,152),
(327,133),
(220,154),
(1149,68),
(789,90),
(795,75),
(742,13),
(415,53),
(380,53),
(604,51),
(181,10),
(103,77),
(561,54),
(289,127),
(115,157),
(763,46),
(289,50),
(815,71),
(570,45),
(248,35),
(114,126),
(112,160),
(357,41),
(98,4),
(606,135),
(893,146),
(837,24),
(260,47),
(924,63),
(37,126),
(1052,140),
(824,134),
(984,88),
(135,11),
(1019,113),
(662,36),
(977,32),
(488,83),
(72,161),
(107,37),
(473,92),
(457,154),
(189,90),
(518,27),
(957,148),
(1152,66),
(525,139),
(643,82),
(741,45),
(864,44),
(826,56),
(658,43),
(568,73),
(647,31),
(430,14),
(480,130),
(777,160),
(198,100),
(410,118),
(722,52),
(470,97),
(894,161),
(739,12),
(265,71),
(283,126),
(1022,147),
(232,138),
(1112,84),
(129,54),
(344,14),
(634,140),
(1056,61),
(50,44),
(1173,161),
(596,38),
(103,53),
(392,150),
(669,140),
(159,149),
(1043,102),
(939,67),
(65,102),
(105,65),
(1152,149),
(997,134),
(480,123),
(293,57),
(1017,34),
(824,73),
(239,142),
(937,84),
(624,149),
(768,154),
(854,152),
(599,23),
(787,152),
(763,9),
(917,115),
(223,130),
(740,42),
(702,16),
(413,35),
(821,27),
(1051,18),
(1206,40),
(813,117),
(800,81),
(223,127),
(808,135),
(794,42),
(193,63),
(1115,155),
(1080,130),
(297,101),
(749,153),
(538,134),
(46,137),
(1065,54),
(669,11),
(264,20),
(826,40),
(291,109),
(804,74),
(610,7),
(1031,107),
(964,12),
(505,33),
(976,100),
(406,56),
(172,32),
(79,152),
(378,142),
(199,129),
(940,158),
(603,119),
(1023,157),
(1165,145),
(224,64),
(956,135),
(582,98),
(207,123),
(119,22),
(68,64),
(441,63),
(12,122),
(546,20),
(1017,78),
(893,51),
(623,81),
(405,163),
(314,81),
(753,36),
(1023,99),
(1177,80),
(436,74),
(875,145),
(110,78),
(1134,55),
(903,127),
(586,34),
(517,116),
(845,16),
(58,141),
(607,115),
(574,91),
(817,140),
(1167,125),
(93,142),
(649,83),
(44,83),
(74,85),
(636,105),
(184,136),
(1013,37),
(761,23),
(268,56),
(772,113),
(386,60),
(174,100),
(41,149),
(58,107),
(137,11),
(1069,14),
(510,107),
(334,126),
(1138,163),
(342,92),
(97,104),
(445,39),
(1072,84),
(573,11),
(155,138),
(1085,156),
(828,97),
(808,101),
(1074,56),
(879,47),
(193,135),
(1081,117),
(1041,59),
(330,4),
(838,98),
(1178,3),
(101,149),
(376,40),
(701,151),
(803,137),
(929,27),
(979,146),
(269,100),
(731,2),
(826,58),
(661,121),
(1193,15),
(840,63),
(140,138),
(1084,67),
(1016,76),
(587,157),
(787,144),
(242,70),
(404,83),
(36,157),
(793,40),
(982,29),
(679,153),
(401,72),
(758,147),
(1047,5),
(765,23),
(213,77),
(610,143),
(80,58),
(702,118),
(452,21),
(1095,129),
(90,67),
(237,99),
(624,56),
(529,109),
(846,161),
(101,23),
(693,93),
(1150,115),
(183,13),
(349,94),
(690,102),
(593,156),
(529,68),
(71,145),
(1189,55),
(839,93),
(14,19)
Insert into TRACK_ON_PLAYLIST Values
(1090,115),
(832,157),
(736,115),
(261,144),
(785,12),
(16,70),
(280,116),
(179,58),
(67,143),
(1184,7),
(261,23),
(1084,127),
(459,61),
(794,159),
(798,35),
(924,151),
(403,104),
(974,16),
(723,130),
(777,119),
(498,119),
(404,117),
(305,37),
(262,70),
(106,108),
(565,143),
(230,78),
(103,29),
(676,119),
(464,93),
(1053,94),
(166,30),
(937,67),
(547,9),
(1084,23),
(1061,67),
(736,7),
(144,105),
(267,57),
(448,52),
(409,126),
(250,95),
(700,33),
(826,137),
(1182,5),
(199,55),
(790,60),
(617,29),
(1167,60),
(155,63),
(709,97),
(861,126),
(345,79),
(1059,46),
(1117,85),
(302,145),
(490,144),
(533,30),
(893,127),
(90,22),
(782,42),
(1091,13),
(492,150),
(1005,129),
(749,80),
(1144,157),
(2,108),
(172,126),
(141,119),
(239,130),
(175,67),
(1109,141),
(1028,46),
(601,138),
(455,78),
(1157,115),
(1141,88),
(758,132),
(196,60),
(287,143),
(920,3),
(1115,43),
(197,85),
(1151,88),
(534,8),
(96,60),
(516,80),
(688,83),
(984,98),
(43,34),
(996,135),
(821,10),
(149,6),
(973,11),
(531,54),
(1117,29),
(799,18),
(986,136),
(525,39),
(538,39),
(421,40),
(294,86),
(443,38),
(1015,101),
(476,69),
(286,26),
(378,22),
(533,70),
(846,58),
(710,113),
(845,38),
(445,74),
(206,37),
(496,155),
(1154,123),
(1016,35),
(200,42),
(710,155),
(121,81),
(945,56),
(719,74),
(1167,126),
(440,22),
(1006,139),
(665,48),
(833,38),
(883,96),
(922,96),
(658,20),
(957,61),
(151,149),
(1027,50),
(160,160),
(1038,107),
(1188,136),
(714,143),
(956,146),
(49,9),
(682,48),
(1063,13),
(302,98),
(821,39),
(821,123),
(145,133),
(127,154),
(1124,21),
(753,48),
(934,71),
(933,19),
(536,28),
(21,7),
(1058,90),
(1189,129),
(170,138),
(611,5),
(53,117),
(566,163),
(272,128),
(769,87),
(1007,23),
(17,16),
(450,120),
(15,11),
(741,127),
(626,49),
(236,13),
(276,74),
(630,89),
(774,65),
(718,123),
(1142,75),
(253,139),
(187,5),
(338,134),
(68,145),
(784,162),
(895,16),
(330,2),
(22,126),
(459,107),
(171,67),
(330,37),
(255,64),
(556,40),
(570,2),
(1145,104),
(1090,108),
(732,56),
(442,142),
(621,136),
(49,68),
(775,32),
(833,34),
(204,142),
(1134,22),
(963,4),
(399,34),
(407,61),
(384,162),
(268,80),
(90,128),
(790,146),
(480,103),
(12,152),
(214,115),
(1165,137),
(1081,11),
(386,105),
(740,151),
(1016,138),
(167,41),
(1172,61),
(729,14),
(73,71),
(682,61),
(990,45),
(836,19),
(7,32),
(531,77),
(633,108),
(1026,83),
(760,90),
(584,148),
(1161,146),
(915,21),
(788,14),
(433,44),
(843,73),
(191,2),
(1067,159),
(883,25),
(616,153),
(491,30),
(127,59),
(431,87),
(453,58),
(46,130),
(582,134),
(11,8),
(223,104),
(1005,63),
(803,36),
(564,89),
(568,60),
(545,71),
(901,127),
(845,36),
(687,2),
(876,141),
(1095,65),
(1212,141),
(1181,156),
(276,44),
(1064,77),
(212,125),
(302,107),
(949,51),
(979,72),
(240,151),
(795,5),
(49,53),
(1060,58),
(920,62),
(124,45),
(698,104),
(1083,149),
(525,63),
(284,69),
(251,80),
(1180,75),
(537,6),
(727,127),
(467,43),
(288,67),
(831,127),
(661,110),
(115,131),
(638,108),
(632,103),
(804,2),
(637,162),
(788,44),
(270,118),
(683,133),
(378,135),
(678,121),
(372,148),
(794,10),
(464,68),
(650,56),
(519,32),
(636,43),
(615,98),
(649,104),
(500,71),
(1096,151),
(770,129),
(144,39),
(968,70),
(853,17),
(684,8),
(674,87),
(820,81),
(1117,139),
(648,38),
(328,112),
(333,133),
(134,11),
(951,8),
(798,86),
(1176,153),
(383,150),
(1091,26),
(601,148),
(750,24),
(448,14),
(994,47),
(1042,32),
(568,122),
(307,132),
(335,128),
(517,111),
(863,161),
(1132,91),
(731,152),
(1043,49),
(290,149),
(877,110),
(428,76),
(782,103),
(1000,130),
(610,19),
(123,121),
(385,56),
(564,151),
(982,124),
(512,95),
(327,2),
(534,101),
(968,102),
(105,137),
(1166,46),
(601,34),
(88,56),
(858,137),
(237,96),
(409,46),
(1035,24),
(859,138),
(471,130),
(1082,150),
(138,146),
(947,61),
(555,54),
(774,112),
(892,16),
(399,20),
(859,17),
(612,92),
(677,93),
(234,7),
(211,60),
(849,103),
(95,69),
(741,114),
(1042,105),
(163,121),
(479,155),
(157,39),
(779,69),
(74,72),
(457,78),
(578,136),
(418,144),
(373,37),
(90,77),
(1033,77),
(808,59),
(787,63),
(947,152),
(471,149),
(596,108),
(245,154),
(440,84),
(381,33),
(399,32),
(416,148),
(26,39),
(322,34),
(341,147),
(948,126),
(562,37),
(1139,97),
(665,111),
(552,87),
(1052,139),
(1088,47),
(186,103),
(125,108),
(401,1),
(1147,66),
(17,117),
(970,154),
(455,29),
(562,16),
(903,50),
(234,85),
(93,154),
(155,27),
(943,89),
(577,29),
(994,26),
(511,75),
(1189,46),
(716,102),
(1038,4),
(430,72),
(121,79),
(282,15),
(710,125),
(66,72),
(56,49),
(232,124),
(953,88),
(334,85),
(428,29),
(357,13),
(1114,61),
(71,151),
(643,88),
(1072,98),
(482,9),
(1000,154),
(254,155),
(836,86),
(475,27),
(461,5),
(218,80),
(273,87),
(933,96),
(1212,47),
(1128,133),
(259,3),
(1162,22),
(581,93),
(462,85),
(931,21),
(851,36),
(287,105),
(823,105),
(770,58),
(73,74),
(30,23),
(1193,24),
(1057,22),
(1058,97),
(562,141),
(705,38),
(1002,130),
(904,31),
(64,56),
(468,45),
(445,73),
(234,101),
(1164,24),
(350,38),
(1193,78),
(507,30),
(917,54),
(211,50),
(580,41),
(531,26),
(206,95),
(280,8),
(32,15),
(580,138),
(684,3),
(404,23),
(878,149),
(298,44),
(7,5),
(560,134),
(1101,147),
(916,2),
(430,109),
(476,136),
(1118,90),
(1168,90),
(1154,155),
(443,115),
(534,50),
(80,113),
(774,140),
(953,3),
(580,157),
(1034,27),
(1103,67),
(371,74),
(623,152),
(930,100),
(253,134),
(13,90),
(514,71),
(286,3),
(783,54),
(1106,28),
(982,83),
(256,37),
(426,81),
(1133,140),
(744,16),
(462,41),
(713,150),
(857,4),
(684,67),
(1063,78),
(349,139),
(883,153),
(560,124),
(478,140),
(915,111),
(627,62),
(598,159),
(484,27),
(1098,149),
(147,100),
(905,31),
(7,63),
(525,88),
(818,29),
(403,101),
(817,123),
(363,14),
(864,154),
(850,17),
(1141,126),
(833,23),
(467,11),
(845,75),
(338,73),
(353,24),
(322,30),
(940,85),
(128,107),
(1081,148),
(449,145),
(964,92),
(243,136),
(470,142),
(1206,52),
(651,54),
(146,85),
(95,137),
(718,1),
(885,10),
(738,76),
(912,47),
(946,126),
(746,121),
(1105,77),
(147,5),
(1192,125),
(1168,80),
(957,115),
(343,62),
(928,68),
(629,128),
(372,128),
(761,22),
(448,106),
(329,149),
(934,80),
(1155,27),
(374,46),
(935,33),
(49,90),
(138,14),
(1137,113),
(255,48),
(209,39),
(278,140),
(557,33),
(382,80),
(62,96),
(145,130),
(565,88),
(1083,74),
(891,21),
(973,77),
(1014,70),
(1052,26),
(61,33),
(908,36),
(231,159),
(800,29),
(1208,62),
(249,20),
(804,123),
(897,117),
(388,74),
(460,117),
(175,139),
(746,6),
(120,1),
(327,135),
(853,93),
(921,5),
(761,75),
(462,69),
(868,152),
(329,79),
(402,120),
(851,34),
(1171,110),
(1207,79),
(410,111),
(876,143),
(1022,42),
(397,15),
(55,22),
(621,134),
(483,19),
(514,3),
(536,9),
(1144,34),
(584,6),
(291,57),
(406,101),
(157,148),
(1160,162),
(851,90),
(966,37),
(729,45),
(39,21),
(477,20),
(1107,21),
(669,95),
(157,90),
(1114,82),
(266,77),
(308,159),
(139,123),
(131,131),
(258,153),
(1099,35),
(1003,88),
(117,77),
(930,144),
(259,105),
(1213,36),
(717,160),
(1188,76),
(767,145),
(685,46),
(178,131),
(1066,108),
(802,145),
(900,135),
(510,9),
(315,94),
(752,16),
(871,123),
(932,155),
(222,135),
(209,111),
(848,131),
(41,1),
(212,151),
(508,80),
(94,72),
(399,81),
(508,31),
(313,93),
(307,145),
(183,96),
(537,54),
(115,83),
(622,25),
(467,155),
(1121,140),
(1057,89),
(970,21),
(56,52),
(1148,80),
(499,34),
(771,26),
(806,127),
(803,39),
(474,118),
(1038,152),
(649,62),
(907,108),
(1080,40),
(322,83),
(499,51),
(220,116),
(527,42),
(694,80),
(250,12),
(833,89),
(1124,56),
(875,24),
(943,94),
(1041,156),
(222,121),
(849,148),
(143,12),
(485,8),
(815,143),
(366,10),
(756,76),
(710,86),
(1214,4),
(112,120),
(807,52),
(33,163),
(88,141),
(929,121),
(1081,108),
(516,29),
(126,24),
(867,64),
(194,78),
(683,84),
(939,140),
(1101,59),
(531,24),
(656,117),
(876,48),
(40,20),
(994,80),
(829,86),
(276,132),
(1014,76),
(1000,67),
(70,22),
(14,37),
(348,121),
(595,62),
(226,85),
(638,19),
(953,117),
(51,94),
(1203,46),
(944,18),
(934,139),
(124,83),
(486,122),
(583,37),
(634,18),
(174,50),
(892,32),
(712,96),
(607,43),
(1056,105),
(401,73),
(273,64),
(1207,130),
(1026,81),
(1007,85),
(592,109),
(2,88),
(398,83),
(787,83),
(789,71),
(462,80),
(19,157),
(884,119),
(298,57),
(456,39),
(101,39),
(138,60),
(53,47),
(1063,15),
(1190,159),
(674,146),
(910,32),
(31,72),
(1084,5),
(217,94),
(147,29),
(1000,78),
(1137,103),
(971,30),
(881,157),
(851,124),
(951,80),
(616,83),
(825,120),
(1161,141),
(629,125),
(349,138),
(1151,104),
(779,157),
(231,19),
(483,59),
(630,117),
(799,132),
(1191,110),
(735,63),
(297,49),
(439,60),
(1126,89),
(25,154),
(882,2),
(151,77),
(869,78),
(738,101),
(431,147),
(243,64),
(817,120),
(672,53),
(770,153),
(845,21),
(770,1),
(272,86),
(559,99),
(908,151),
(616,103),
(733,135),
(1060,2),
(1123,73),
(294,25),
(129,91),
(448,147),
(735,142),
(695,110),
(91,133),
(229,157),
(782,80),
(184,55),
(248,131),
(441,60),
(573,141),
(208,9),
(954,129),
(718,91),
(659,114),
(1152,106),
(811,9),
(1218,52),
(804,155),
(894,132),
(356,138),
(1048,150),
(553,88),
(1216,51),
(621,153),
(857,114),
(377,134),
(636,11),
(301,140),
(591,143),
(255,100),
(435,109),
(1201,21),
(202,150),
(874,88),
(406,97),
(444,161),
(217,103),
(673,144),
(408,43),
(559,134),
(1040,155),
(17,49),
(39,43),
(813,22),
(172,121),
(646,19),
(768,86),
(230,100),
(1134,111),
(1114,55),
(765,78),
(473,124),
(900,38),
(541,55),
(677,152),
(588,142),
(1008,72),
(1083,91),
(1035,121),
(449,24),
(1022,15),
(498,43),
(491,41),
(595,91),
(441,10),
(264,33),
(1202,14),
(542,35),
(584,132),
(1176,103),
(49,97),
(25,50),
(502,15),
(1013,117),
(473,86),
(696,103),
(1073,109),
(490,20),
(101,68),
(929,112),
(837,111),
(93,63),
(942,25),
(24,21),
(1102,145),
(1211,102),
(889,5),
(135,107),
(822,89),
(629,149),
(576,127),
(819,33),
(1025,69),
(421,60),
(929,12),
(1202,113),
(322,51),
(114,26),
(793,10),
(995,7),
(596,30),
(776,22),
(481,65),
(996,48),
(707,87),
(697,147),
(1038,133),
(131,38),
(265,79),
(531,9),
(502,37),
(1037,21),
(736,51),
(268,49),
(547,83),
(487,17),
(298,108),
(1101,137),
(26,120),
(618,85),
(645,142),
(1066,120),
(152,77),
(1116,55),
(843,124),
(242,112),
(205,154),
(144,44),
(829,44),
(717,163),
(808,18),
(750,22),
(156,146),
(574,134),
(1143,120),
(246,156),
(1199,136),
(701,69),
(1175,56),
(2,53),
(983,67),
(700,83),
(1184,81),
(1189,45),
(881,58),
(106,4),
(392,95),
(960,20),
(709,125),
(456,136),
(132,108),
(895,99),
(192,38),
(902,45),
(40,112),
(643,13),
(616,106),
(319,63),
(1208,132),
(1059,1),
(307,114),
(391,124),
(929,10),
(691,140),
(249,2),
(918,105),
(446,84),
(55,52),
(1123,53),
(609,94),
(110,155),
(240,78),
(179,30),
(994,71),
(859,5),
(1153,22)
Insert into TRACK_ON_PLAYLIST Values
(235,157),
(325,156),
(1021,16),
(926,97),
(670,137),
(509,156),
(187,66),
(943,57),
(354,8),
(39,37),
(666,65),
(817,109),
(508,103),
(134,159),
(1033,33),
(696,92),
(282,5),
(944,125),
(1164,22),
(753,105),
(578,44),
(267,38),
(326,149),
(375,128),
(428,104),
(524,155),
(1209,160),
(262,44),
(776,78),
(1030,52),
(8,82),
(399,27),
(723,68),
(317,43),
(1217,150),
(344,47),
(1200,136),
(168,143),
(854,31),
(256,54),
(906,24),
(194,161),
(1040,102),
(1056,98),
(170,38),
(515,18),
(785,64),
(638,10),
(614,76),
(797,94),
(1020,105),
(700,128),
(644,42),
(1126,98),
(742,65),
(481,71),
(215,58),
(370,69),
(904,41),
(523,70),
(153,32),
(886,81),
(828,15),
(79,102),
(367,33),
(824,105),
(15,113),
(384,31),
(537,136),
(815,136),
(867,146),
(406,105),
(1187,53),
(50,141),
(953,128),
(1144,5),
(77,102),
(110,9),
(240,6),
(358,109),
(111,92),
(196,119),
(22,21),
(477,122),
(1144,120),
(496,132),
(774,30),
(1136,44),
(941,55),
(498,45),
(46,124),
(226,30),
(753,22),
(282,149),
(43,45),
(1085,149),
(318,34),
(998,26),
(784,158),
(633,105),
(115,69),
(1057,16),
(225,50),
(768,66),
(597,152),
(996,1),
(964,25),
(183,46),
(784,72),
(1133,48),
(1176,147),
(1196,110),
(486,141),
(857,155),
(93,38),
(624,24),
(339,29),
(741,99),
(383,25),
(714,97),
(91,105),
(899,122),
(301,70),
(1085,51),
(656,38),
(774,88),
(1153,98),
(395,156),
(157,7),
(1202,47),
(684,51),
(330,32),
(588,120),
(30,65),
(1104,47),
(1054,123),
(154,63),
(1117,49),
(797,101),
(816,47),
(226,73),
(715,61),
(730,90),
(440,138),
(1196,155),
(690,35),
(792,19),
(740,38),
(1034,99),
(1045,124),
(265,130),
(372,53),
(1024,92),
(737,32),
(594,75),
(914,133),
(313,26),
(31,138),
(501,78),
(1207,30),
(1007,153),
(490,7),
(351,119),
(405,110),
(362,97),
(129,35),
(376,19),
(747,129),
(1046,12),
(748,102),
(274,53),
(785,17),
(271,148),
(467,121),
(94,80),
(356,156),
(494,145),
(295,31),
(331,156),
(759,137),
(868,159),
(499,94),
(110,91),
(142,4),
(572,31),
(58,95),
(946,86),
(763,109),
(112,85),
(1087,100),
(1003,71),
(658,13),
(369,87),
(920,133),
(378,156),
(305,48),
(347,4),
(1205,93),
(961,163),
(298,112),
(844,47),
(1119,12),
(453,125),
(73,57),
(1114,122),
(818,159),
(332,77),
(1004,93),
(1013,1),
(208,94),
(1167,84),
(1005,133),
(1116,63),
(284,57),
(674,74),
(1136,120),
(432,117),
(173,107),
(862,18),
(36,129),
(857,67),
(164,84),
(39,147),
(245,54),
(1045,152),
(758,51),
(284,21),
(705,156),
(803,121),
(43,65),
(644,21),
(445,163),
(984,72),
(539,84),
(1018,125),
(811,80),
(910,54),
(145,127),
(1042,116),
(375,26),
(1031,114),
(1139,145),
(661,146),
(123,5),
(823,159),
(961,111),
(786,50),
(200,28),
(930,21),
(312,30),
(12,109),
(957,99),
(259,124),
(784,116),
(88,76),
(260,157)


